[{"model": "sessions.session", "pk": "07fyjokd4npy4b3cvk0op1fjk6dhl1gd", "fields": {"session_data": ".eJxVjE0OwiAYBe_C2hCwQMGl-56BfH_YqilJaVfGu2uTLnT7Zua9VIZtHfPWZMkTq4tK6vS7IdBD5h3wHeZb1VTndZlQ74o-aNNDZXleD_fvYIQ2fmuyiQKF6IOPhTgIgkE5dykRkmUGtn0wVHrryDkTO5FixFpCQOOjUe8PCcw4uA:1tR5OT:9EKcO3sgKevFgvsDb253Ezf3hQI5YQRFRQKf4jP7-7Y", "expire_date": "2025-01-10T08:08:25.379Z"}}, {"model": "sessions.session", "pk": "0t6acfltse45hy7uzx1w3oh4wymvqoi8", "fields": {"session_data": ".eJxVjDsOwjAQBe_iGln-rT-U9JzBWnsdHEC2FCcV4u4QKQW0b2bei0Xc1hq3UZY4EzszJdjpd0yYH6XthO7Ybp3n3tZlTnxX-EEHv3Yqz8vh_h1UHPVbm0lbZzwpScqRFB4LWOu1k6BEsISgKRmSIQgkzJBQZWPAlQmELZjZ-wPlPTfM:1tWG2U:GBvjPlsMdrpINJtCcnM8Vfv3bMIBDSOfpvL8BmI1YdY", "expire_date": "2025-01-24T14:31:06.193Z"}}, {"model": "sessions.session", "pk": "2iza8eftlblwwkio879yanl1dw808r4m", "fields": {"session_data": ".eJxVjMEOwiAQRP-FsyHAypJ69O43kGUXpGpoUtqT8d9tkx70Mod5b-atIq1LjWvPcxxFXZR16vRbJuJnbjuRB7X7pHlqyzwmvSv6oF3fJsmv6-H-HVTqdVuDDZCxOCnFBCRnLNlgU0AGkkDpDFs6RnZ-8JlYDGbjicDTwAigPl8KMzhF:1tPpvC:vjqGdDE-RjJm8TC03LiEdzer199ZsfDILHesfM7nXF0", "expire_date": "2025-01-06T21:25:02.981Z"}}, {"model": "sessions.session", "pk": "2ys4sf8qr93a8852r4h656p8owenalmu", "fields": {"session_data": ".eJxVjDsOwjAQBe_iGln-rT-U9JzBWnsdHEC2FCcV4u4QKQW0b2bei0Xc1hq3UZY4EzszJdjpd0yYH6XthO7Ybp3n3tZlTnxX-EEHv3Yqz8vh_h1UHPVbm0lbZzwpScqRFB4LWOu1k6BEsISgKRmSIQgkzJBQZWPAlQmELZjZ-wPlPTfM:1tpOB6:Po-rsEq_iGhJqtQ9JgBPUcmg6Sp8gTsvKabrp5C69Is", "expire_date": "2025-03-18T09:03:04.055Z"}}, {"model": "sessions.session", "pk": "2yth4xbfugbwozcup8pb6jyoh7rm3zrb", "fields": {"session_data": ".eJxVjDsOwjAQBe_iGln-LCZQ0nOG6Nm7wQFkS3FSIe5OIqWAdmbee6sey5z7pcnUj6wuyqrDL4tITymb4AfKvepUyzyNUW-J3m3Tt8ryuu7t30FGy-s6DQQxDCvGsKcYPDuSQDZFEKFbqaPgRJI35w4hnpjgBhhyOAJGfb76RDhV:1tKsWO:oKWg0gG3ODz6EUP5wecgnh_lBMnsH8gplxC_alchyZM", "expire_date": "2024-12-24T05:10:56.892Z"}}, {"model": "sessions.session", "pk": "41c68p0vt97zja72u9ijmrzbw4v6o32t", "fields": {"session_data": ".eJxVjEEOwiAQRe_C2hCYAiMu3fcMZGBAqoYmpV0Z765NutDtf-_9lwi0rTVsPS9hYnERgOL0O0ZKj9x2wndqt1mmua3LFOWuyIN2Oc6cn9fD_Tuo1Ou39sBDRGWSLQAqexMNGGURisuO2SbWwHbQGtGUrIABjPcYz6ipsCPx_gDtMDd2:1tskk4:bAXAI6f0zSrUQYiXucUBqITz8iOl_d6uX1aUPI3xUEc", "expire_date": "2025-03-27T15:45:04.033Z"}}, {"model": "sessions.session", "pk": "4frkymtcoyz2hnpwzj5fmem2c0rk2nxm", "fields": {"session_data": ".eJxVjDsOwjAQBe_iGln-LCZQ0nOG6Nm7wQFkS3FSIe5OIqWAdmbee6sey5z7pcnUj6wuyqrDL4tITymb4AfKvepUyzyNUW-J3m3Tt8ryuu7t30FGy-s6DQQxDCvGsKcYPDuSQDZFEKFbqaPgRJI35w4hnpjgBhhyOAJGfb76RDhV:1toiET:e3Dg_9dE19PQ7FuwfTRFwn5JOaO5P5XIuXx1TSFfoA8", "expire_date": "2025-03-16T12:15:45.973Z"}}, {"model": "sessions.session", "pk": "5tkqzd9cz2d4kwq302ozd8p4j057app2", "fields": {"session_data": ".eJxVjMEOwiAQRP-FsyHAypJ69O43kGUXpGpoUtqT8d9tkx70Mod5b-atIq1LjWvPcxxFXZR16vRbJuJnbjuRB7X7pHlqyzwmvSv6oF3fJsmv6-H-HVTqdVuDDZCxOCnFBCRnLNlgU0AGkkDpDFs6RnZ-8JlYDGbjicDTwAigPl8KMzhF:1tlOQB:cv8MwSNBzZ2B0vw1IQGrB5deFhtxNC_8M8Hm5ZF4FX0", "expire_date": "2025-03-07T08:30:07.066Z"}}, {"model": "sessions.session", "pk": "6ez6t2pnvhqkn55t1c24lli6q4v871mc", "fields": {"session_data": ".eJxVjDsOwjAQBe_iGln-LCZQ0nOG6Nm7wQFkS3FSIe5OIqWAdmbee6sey5z7pcnUj6wuyqrDL4tITymb4AfKvepUyzyNUW-J3m3Tt8ryuu7t30FGy-s6DQQxDCvGsKcYPDuSQDZFEKFbqaPgRJI35w4hnpjgBhhyOAJGfb76RDhV:1tKsxB:04ufw3WNPNw1hj1_9wXAEqBPdjXp86iYW_tNWQkOkfg", "expire_date": "2024-12-24T05:38:37.134Z"}}, {"model": "sessions.session", "pk": "6p98f5999z1s87c4n69h9glx0kx10dfh", "fields": {"session_data": ".eJxVjDsOwjAQBe_iGln-rT-U9JzBWnsdHEC2FCcV4u4QKQW0b2bei0Xc1hq3UZY4EzszJdjpd0yYH6XthO7Ybp3n3tZlTnxX-EEHv3Yqz8vh_h1UHPVbm0lbZzwpScqRFB4LWOu1k6BEsISgKRmSIQgkzJBQZWPAlQmELZjZ-wPlPTfM:1tpODS:7Z3aZuZu4ehpAjqmTGt1B0qlPUIeVINnk0miBVHTjdI", "expire_date": "2025-03-18T09:05:30.594Z"}}, {"model": "sessions.session", "pk": "75cqq2qgck9xu1gdmxrx5340rnss7h5m", "fields": {"session_data": ".eJxVjMEOwiAQRP-FsyHAypJ69O43kGUXpGpoUtqT8d9tkx70Mod5b-atIq1LjWvPcxxFXZR16vRbJuJnbjuRB7X7pHlqyzwmvSv6oF3fJsmv6-H-HVTqdVuDDZCxOCnFBCRnLNlgU0AGkkDpDFs6RnZ-8JlYDGbjicDTwAigPl8KMzhF:1tRSxo:CFScbF-zejj2oHlj0vDvBaQxRd96bugq_Ypdop8K2pI", "expire_date": "2025-01-11T09:18:28.222Z"}}, {"model": "sessions.session", "pk": "789yb8qtmtbstu25vkxyllsw8958d1zy", "fields": {"session_data": ".eJxVjMEOwiAQRP-FsyHAypJ69O43kGUXpGpoUtqT8d9tkx70Mod5b-atIq1LjWvPcxxFXZR16vRbJuJnbjuRB7X7pHlqyzwmvSv6oF3fJsmv6-H-HVTqdVuDDZCxOCnFBCRnLNlgU0AGkkDpDFs6RnZ-8JlYDGbjicDTwAigPl8KMzhF:1tPzNl:LawR6yrlK6bpeyLCixcRrPghKAfl1SqjW8KFlQQdQ0M", "expire_date": "2025-01-07T07:31:09.058Z"}}, {"model": "sessions.session", "pk": "7poehthwk11wxmfgluutgm2lifm812bv", "fields": {"session_data": ".eJxVjEEOwiAQRe_C2hBoBwwu3XsGMgMzUjWQlHZlvLtt0oVu_3vvv1XEdSlx7TzHKauLGtXpdyNMT647yA-s96ZTq8s8kd4VfdCuby3z63q4fwcFe9nqZJwlk13ylj2IM4BBvMDZwkjgTLAkCUiCzzIwEgcaPcoglilsifp8AeiQOI4:1tpU8K:ma9YJ7CSWTJfMgCzGzy3Q_YUhhMCA1V8w4-Ww-C01ik", "expire_date": "2025-03-18T15:24:36.961Z"}}, {"model": "sessions.session", "pk": "8sba00u3ccob7hau429uuuybnm18qi79", "fields": {"session_data": ".eJxVjEEOwiAQRe_C2hAQyoBL9z0DYWZAqoYmpV0Z765NutDtf-_9l4hpW2vcel7ixOIijBGn3xETPXLbCd9Tu82S5rYuE8pdkQftcpw5P6-H-3dQU6_fuqAzZzYDgXOI2UDQZBUqT8Vy8SFoQCadIUGiPLCiQh4K6BKUDcGL9wcgvTi0:1uA8hV:IXlaDzjkjnB19rXIl4EHHMorM3FndGbOo1dWaDWaNM0", "expire_date": "2025-05-14T14:46:17.247Z"}}, {"model": "sessions.session", "pk": "913dc0zcpq6qmtcsx5n3ezts13vs94zk", "fields": {"session_data": ".eJxVjMEOwiAQRP-FsyHAypJ69O43kGUXpGpoUtqT8d9tkx70Mod5b-atIq1LjWvPcxxFXZR16vRbJuJnbjuRB7X7pHlqyzwmvSv6oF3fJsmv6-H-HVTqdVuDDZCxOCnFBCRnLNlgU0AGkkDpDFs6RnZ-8JlYDGbjicDTwAigPl8KMzhF:1tlORg:nadqsRuM3L8yxxUvtn77KE4NbE8Vd1C760XyiKkfmGU", "expire_date": "2025-03-07T08:31:40.515Z"}}, {"model": "sessions.session", "pk": "9c2eg5ok7py24f3ce5dqe498njh7680c", "fields": {"session_data": ".eJxVjMEOwiAQRP-FsyHAypJ69O43kGUXpGpoUtqT8d9tkx70Mod5b-atIq1LjWvPcxxFXZR16vRbJuJnbjuRB7X7pHlqyzwmvSv6oF3fJsmv6-H-HVTqdVuDDZCxOCnFBCRnLNlgU0AGkkDpDFs6RnZ-8JlYDGbjicDTwAigPl8KMzhF:1tmCF4:PDi39QSkJEJh9aR4Qb3lC5XN4hmVBYySGDp3cz9lWjE", "expire_date": "2025-03-09T13:41:58.802Z"}}, {"model": "sessions.session", "pk": "9div5muy677yo3jc6lyu4bnf4c7q6cfk", "fields": {"session_data": ".eJxVjMEOwiAQRP-FsyHAypJ69O43kGUXpGpoUtqT8d9tkx70Mod5b-atIq1LjWvPcxxFXZR16vRbJuJnbjuRB7X7pHlqyzwmvSv6oF3fJsmv6-H-HVTqdVuDDZCxOCnFBCRnLNlgU0AGkkDpDFs6RnZ-8JlYDGbjicDTwAigPl8KMzhF:1tkOEG:2LOStbG2o0X0ZpbxS9KG8f6-DF2rowvdlkgIlByLny8", "expire_date": "2025-03-04T14:05:40.166Z"}}, {"model": "sessions.session", "pk": "9e1hx5ojucdejljk4or0xinshdks6j0h", "fields": {"session_data": ".eJxVjMEOwiAQRP-FsyHAypJ69O43kGUXpGpoUtqT8d9tkx70Mod5b-atIq1LjWvPcxxFXZR16vRbJuJnbjuRB7X7pHlqyzwmvSv6oF3fJsmv6-H-HVTqdVuDDZCxOCnFBCRnLNlgU0AGkkDpDFs6RnZ-8JlYDGbjicDTwAigPl8KMzhF:1tVjMA:6aLdqrNHH2Ho_n-ZaAptLQVjn-GFI_cBNyCh6-X8-KM", "expire_date": "2025-01-23T03:37:14.886Z"}}, {"model": "sessions.session", "pk": "ab5174wbk8xwsdg0rsmv4vt2kgflnkbj", "fields": {"session_data": ".eJxVjEEOwiAQRe_C2hBgkA4u3XsGMsAgVUOT0q6Md7dNutDtf-_9twi0LjWsnecwZnERGsTpd4yUntx2kh_U7pNMU1vmMcpdkQft8jZlfl0P9--gUq9brbK3yUYwMZMiYsyRjYOiQBevSFsTIbEpeEbnLIJ1HtENA-rNRKvE5wsRXzd7:1tPlXG:-vEjZJz5uzm3VFCw-ci38Ftok8jUAancCQrX-rrrTFo", "expire_date": "2025-01-06T16:44:02.703Z"}}, {"model": "sessions.session", "pk": "ake3l2f4qj49xmnel5tqzzwojv4rfg6g", "fields": {"session_data": ".eJxVjMEOwiAQRP-FsyHAypJ69O43kGUXpGpoUtqT8d9tkx70Mod5b-atIq1LjWvPcxxFXZR16vRbJuJnbjuRB7X7pHlqyzwmvSv6oF3fJsmv6-H-HVTqdVuDDZCxOCnFBCRnLNlgU0AGkkDpDFs6RnZ-8JlYDGbjicDTwAigPl8KMzhF:1txjJT:8jelKy8HbF1xsbXT204XYVgOmbEgXiQ79feQp6oOc1Q", "expire_date": "2025-04-10T09:14:11.653Z"}}, {"model": "sessions.session", "pk": "atewnu4sa6x2e8mvoff4f7jsgu7ln4us", "fields": {"session_data": ".eJxVjEEOwiAQRe_C2hBgkA4u3XsGMsAgVUOT0q6Md7dNutDtf-_9twi0LjWsnecwZnERGsTpd4yUntx2kh_U7pNMU1vmMcpdkQft8jZlfl0P9--gUq9brbK3yUYwMZMiYsyRjYOiQBevSFsTIbEpeEbnLIJ1HtENA-rNRKvE5wsRXzd7:1tPlIC:1OmdeLv2wlTqcFxZaV4BEXkDVFqLAx2kjQEoRqG4T-0", "expire_date": "2025-01-06T16:28:28.429Z"}}, {"model": "sessions.session", "pk": "awao1nv6z9z6lrnb3dwvyqbpuvumv8pm", "fields": {"session_data": ".eJxVjMEOwiAQRP-FsyHAypJ69O43kGUXpGpoUtqT8d9tkx70Mod5b-atIq1LjWvPcxxFXZR16vRbJuJnbjuRB7X7pHlqyzwmvSv6oF3fJsmv6-H-HVTqdVuDDZCxOCnFBCRnLNlgU0AGkkDpDFs6RnZ-8JlYDGbjicDTwAigPl8KMzhF:1tKsMs:acxWPd_o1qiasqk3S5kOMoQFfW4vmR_eUSKNfXQZ0NM", "expire_date": "2024-12-24T05:01:06.064Z"}}, {"model": "sessions.session", "pk": "b7i554y7effxxidm1lhsf6wh7qshi1ez", "fields": {"session_data": ".eJxVjMEOwiAQRP-FsyHAypJ69O43kGUXpGpoUtqT8d9tkx70Mod5b-atIq1LjWvPcxxFXZR16vRbJuJnbjuRB7X7pHlqyzwmvSv6oF3fJsmv6-H-HVTqdVuDDZCxOCnFBCRnLNlgU0AGkkDpDFs6RnZ-8JlYDGbjicDTwAigPl8KMzhF:1tirDC:zKw_yXli6_uyod10APrZio1_GnaI0EFKiRWAamEnlL8", "expire_date": "2025-02-28T08:38:14.670Z"}}, {"model": "sessions.session", "pk": "cry88wwjdth6wwt03s7joj4q3eeiyqsr", "fields": {"session_data": ".eJxVjDsOwjAQBe_iGln-rT-U9JzBWnsdHEC2FCcV4u4QKQW0b2bei0Xc1hq3UZY4EzszJdjpd0yYH6XthO7Ybp3n3tZlTnxX-EEHv3Yqz8vh_h1UHPVbm0lbZzwpScqRFB4LWOu1k6BEsISgKRmSIQgkzJBQZWPAlQmELZjZ-wPlPTfM:1tpNej:5JKk36gMoHbH5RqHy8X0L4FMo1UuxKPcTdXkgECL6j4", "expire_date": "2025-03-18T08:29:37.247Z"}}, {"model": "sessions.session", "pk": "d19c6cckz1szw46jyrkd2dvjudgxax0j", "fields": {"session_data": ".eJxVjDsOwjAQRO_iGlk2u05sSnrOYO36gwPIkeKkQtydWEoBzRTz3sxbeNrW4reWFj9FcRHaitNvyRSeqXYSH1TvswxzXZeJZVfkQZu8zTG9rof7d1ColX3tLA25ByLC6JgRVVZowSK7ITOdQUMaDTo0QMHu1OQUFWg0OUYSny_nEDeK:1tRb4c:YrnIZ0TSpEdQXUg6PTw7IaSNfusOwLTmjWeLJ0dMEZQ", "expire_date": "2025-01-11T17:58:02.103Z"}}, {"model": "sessions.session", "pk": "d1dutxi2jfyjwbu58ui01s1wp6vhpvwq", "fields": {"session_data": ".eJxVjDsOwjAQBe_iGln-26Gkzxms9XqNA8iR4qRC3J1ESgHtm5n3ZhG2tcat0xKnzK7MssvvlgCf1A6QH9DuM8e5rcuU-KHwk3Y-zplet9P9O6jQ614rNEEngyAMOF8oB2etJKcJi_ReDOjVjrWQutgSyBXrlEuGBkBKVrLPF-USOAs:1tPzWl:SYBQzeO6EWUss74gjEesLScPq5Ko1JP-vtvUPO18Pd8", "expire_date": "2025-01-07T07:40:27.104Z"}}, {"model": "sessions.session", "pk": "d4y9mbmotv66bag6zr9bqmj0vte4r5he", "fields": {"session_data": ".eJxVjDsOwjAQBe_iGln-LCZQ0nOG6Nm7wQFkS3FSIe5OIqWAdmbee6sey5z7pcnUj6wuyqrDL4tITymb4AfKvepUyzyNUW-J3m3Tt8ryuu7t30FGy-s6DQQxDCvGsKcYPDuSQDZFEKFbqaPgRJI35w4hnpjgBhhyOAJGfb76RDhV:1tq6Uh:UB7U7Hm25cxp2WDNiumRHBhMdQChNNrsxWUencrp-rM", "expire_date": "2025-03-20T08:22:15.602Z"}}, {"model": "sessions.session", "pk": "eduii2soib7x4o35446qne6dfe51syy2", "fields": {"session_data": ".eJxVjMsOwiAQRf-FtSHg8HTp3m8gwwBSNZCUdmX8d9ukC93ec859s4DrUsM68hymxC5MsdPvFpGeue0gPbDdO6felnmKfFf4QQe_9ZRf18P9O6g46laLVLAYXTxIC1kmErEAGMoRjNeRspSgbAFnlUDpdBGbjXQ2loyR3rHPF_H_N6s:1tx0pT:sEDzofOZVJCRCyYl9ZtuzD7-MwGXHQ4wfJayi_QKFSQ", "expire_date": "2025-04-08T09:44:15.204Z"}}, {"model": "sessions.session", "pk": "elewjpup7oul7xa4jd1tsksgd2z8rcid", "fields": {"session_data": ".eJxVjEEOwiAQRe_C2hAQyoBL9z0DYWZAqoYmpV0Z765NutDtf-_9l4hpW2vcel7ixOIijBGn3xETPXLbCd9Tu82S5rYuE8pdkQftcpw5P6-H-3dQU6_fuqAzZzYDgXOI2UDQZBUqT8Vy8SFoQCadIUGiPLCiQh4K6BKUDcGL9wcgvTi0:1uA2Mq:vb-8pOyElRHLScM_2PtruSxhJZwpvCq_dEZo-AFJXX0", "expire_date": "2025-05-14T08:00:32.806Z"}}, {"model": "sessions.session", "pk": "exomm9h8wqy41cvbhfpv46jlop1cqiof", "fields": {"session_data": ".eJxVjMsOwiAUBf-FtSECUopL934DudyHVA0kpV0Z_12bdKHbMzPnpRKsS0lr5zlNpM7KDOrwO2bAB9eN0B3qrWlsdZmnrDdF77TrayN-Xnb376BAL98aow_O26MzgkSRHEUE8TmM0ZhBsgAbdhYFIbOcSEYbPLNxAiiEQb0_MHY58Q:1tpQF1:FLiWcZ8tDXWNrDa6rcgerOVS-Rhz0Ulj0QIBdHD2-mo", "expire_date": "2025-03-18T11:15:15.785Z"}}, {"model": "sessions.session", "pk": "f5dzvp3ib2efzm6sb4k0gtnspjd6qw8q", "fields": {"session_data": ".eJxVjDsOwjAQBe_iGlle_1hT0ucM1nrXJgGUSPlUiLtDpBTQvpl5L5VpW_u8LXXOg6iLsqhOv2MhftRxJ3Kn8TZpnsZ1HoreFX3QRXeT1Of1cP8Oelr6bw3BowHvC0ZIxrqEvnIKxTnb2CaIYoBsjFKAQ0WxhhgBG0d3JmhevT_NRTcQ:1u0Zce:0Nq_KSP2fn4zi4G7qi1_Pyl5Pi224v60PMa3iLfHAu0", "expire_date": "2025-04-18T05:29:44.858Z"}}, {"model": "sessions.session", "pk": "fcs7snhto0n4kwsyg0b4n95sjjod39rs", "fields": {"session_data": ".eJxVjMEOwiAQRP-FsyHAypJ69O43kGUXpGpoUtqT8d9tkx70Mod5b-atIq1LjWvPcxxFXZR16vRbJuJnbjuRB7X7pHlqyzwmvSv6oF3fJsmv6-H-HVTqdVuDDZCxOCnFBCRnLNlgU0AGkkDpDFs6RnZ-8JlYDGbjicDTwAigPl8KMzhF:1tRwyS:9Wp3a24bGyvC6nJqSUniLBT_5ubIFRU2ab7vb34i_o0", "expire_date": "2025-01-12T17:21:08.978Z"}}, {"model": "sessions.session", "pk": "fuf8jly3yqj5burka8ejpbx1a3vobrby", "fields": {"session_data": ".eJxVjMEOwiAQRP-FsyHAypJ69O43kGUXpGpoUtqT8d9tkx70Mod5b-atIq1LjWvPcxxFXZR16vRbJuJnbjuRB7X7pHlqyzwmvSv6oF3fJsmv6-H-HVTqdVuDDZCxOCnFBCRnLNlgU0AGkkDpDFs6RnZ-8JlYDGbjicDTwAigPl8KMzhF:1ty6Iw:cst0aPDaboBI5AHE50ZQKJbVQvvHHZjAFf5CdAwwEm0", "expire_date": "2025-04-11T09:47:10.398Z"}}, {"model": "sessions.session", "pk": "fw4zhlpykfjha9tb0u86xcsdfy9ua7gb", "fields": {"session_data": ".eJxVjEEOwiAQRe_C2hAQyoBL9z0DYWZAqoYmpV0Z765NutDtf-_9l4hpW2vcel7ixOIijBGn3xETPXLbCd9Tu82S5rYuE8pdkQftcpw5P6-H-3dQU6_fuqAzZzYDgXOI2UDQZBUqT8Vy8SFoQCadIUGiPLCiQh4K6BKUDcGL9wcgvTi0:1u9KPZ:3Aqv4RGJNwrJ4-kmCdVe3F89VnQIvHWoN1Pl4NBH53k", "expire_date": "2025-05-12T09:04:25.371Z"}}, {"model": "sessions.session", "pk": "gn2mcg0h4wwdee7uwu9jkgatbooyvdxo", "fields": {"session_data": ".eJxVjMEOwiAQRP-FsyHAypJ69O43kGUXpGpoUtqT8d9tkx70Mod5b-atIq1LjWvPcxxFXZR16vRbJuJnbjuRB7X7pHlqyzwmvSv6oF3fJsmv6-H-HVTqdVuDDZCxOCnFBCRnLNlgU0AGkkDpDFs6RnZ-8JlYDGbjicDTwAigPl8KMzhF:1tICJS:kGdfoRRVDmBp_i-GEkFk5KfPC2dMvGJ8K7JJhyfger0", "expire_date": "2024-12-16T19:42:30.616Z"}}, {"model": "sessions.session", "pk": "gqcym2nf7h6wprka72p0ahfvh62dvg35", "fields": {"session_data": ".eJxVjEEOwiAQRe_C2hBoBwwu3XsGMgMzUjWQlHZlvLtt0oVu_3vvv1XEdSlx7TzHKauLGtXpdyNMT647yA-s96ZTq8s8kd4VfdCuby3z63q4fwcFe9nqZJwlk13ylj2IM4BBvMDZwkjgTLAkCUiCzzIwEgcaPcoglilsifp8AeiQOI4:1tqBFG:-kXtuL2bTmUqNqY0QIfAkls0PEvLVfknQlX_WyvG5U0", "expire_date": "2025-03-20T13:26:38.876Z"}}, {"model": "sessions.session", "pk": "ha7r29a3p3om6q6xfbcnpw5zbwwcej38", "fields": {"session_data": ".eJxVjMEOwiAQRP-FsyHAypJ69O43kGUXpGpoUtqT8d9tkx70Mod5b-atIq1LjWvPcxxFXZR16vRbJuJnbjuRB7X7pHlqyzwmvSv6oF3fJsmv6-H-HVTqdVuDDZCxOCnFBCRnLNlgU0AGkkDpDFs6RnZ-8JlYDGbjicDTwAigPl8KMzhF:1tkOea:mOS42tM6Jy4iEnx2ygEeWi3mJJTlPpxv7_vl5SQYeek", "expire_date": "2025-03-04T14:32:52.745Z"}}, {"model": "sessions.session", "pk": "ioj9h9u956lan51uz1wtxp87sw1ijv2q", "fields": {"session_data": ".eJxVjDsOwjAQBe_iGln-LCZQ0nOG6Nm7wQFkS3FSIe5OIqWAdmbee6sey5z7pcnUj6wuyqrDL4tITymb4AfKvepUyzyNUW-J3m3Tt8ryuu7t30FGy-s6DQQxDCvGsKcYPDuSQDZFEKFbqaPgRJI35w4hnpjgBhhyOAJGfb76RDhV:1tRogC:xJMPH_0ymWGrnou0PlSOquJkpOSr_Ud_aJ36lO22k4k", "expire_date": "2025-01-12T08:29:44.012Z"}}, {"model": "sessions.session", "pk": "j04gr4ksmi4lfymt7876wi9yb8ercxnc", "fields": {"session_data": ".eJxVjMEOwiAQRP-FsyHAypJ69O43kGUXpGpoUtqT8d9tkx70Mod5b-atIq1LjWvPcxxFXZR16vRbJuJnbjuRB7X7pHlqyzwmvSv6oF3fJsmv6-H-HVTqdVuDDZCxOCnFBCRnLNlgU0AGkkDpDFs6RnZ-8JlYDGbjicDTwAigPl8KMzhF:1tlO0V:U_hJ8vWqNkTkej2f6bXvubU0IWFhQZLD8V8TNCNsj5I", "expire_date": "2025-03-07T08:03:35.630Z"}}, {"model": "sessions.session", "pk": "ja450g3q19u3rdokgoy0lnaalgbi9x4f", "fields": {"session_data": ".eJxVjMEOwiAQRP-FsyHAypJ69O43kGUXpGpoUtqT8d9tkx70Mod5b-atIq1LjWvPcxxFXZR16vRbJuJnbjuRB7X7pHlqyzwmvSv6oF3fJsmv6-H-HVTqdVuDDZCxOCnFBCRnLNlgU0AGkkDpDFs6RnZ-8JlYDGbjicDTwAigPl8KMzhF:1tkeKP:z0ojNRledWGN3hkIjetACfSpvebq67XMZtf5eYSC_kY", "expire_date": "2025-03-05T07:17:05.262Z"}}, {"model": "sessions.session", "pk": "jdqrbx2tlalxr1hps66usigv9au2imw2", "fields": {"session_data": ".eJxVjMEOwiAQRP-FsyHAypJ69O43kGUXpGpoUtqT8d9tkx70Mod5b-atIq1LjWvPcxxFXZR16vRbJuJnbjuRB7X7pHlqyzwmvSv6oF3fJsmv6-H-HVTqdVuDDZCxOCnFBCRnLNlgU0AGkkDpDFs6RnZ-8JlYDGbjicDTwAigPl8KMzhF:1tUgba:RusqEFi2NcK85pkHg6TdMCiTzBr721A4yBmZZtqczGY", "expire_date": "2025-01-20T06:28:50.465Z"}}, {"model": "sessions.session", "pk": "jp2ur2ce9otgo68wqa0tc3mbu7ewl2z4", "fields": {"session_data": ".eJxVjDsOwjAQBe_iGln-rT-U9JzBWnsdHEC2FCcV4u4QKQW0b2bei0Xc1hq3UZY4EzszJdjpd0yYH6XthO7Ybp3n3tZlTnxX-EEHv3Yqz8vh_h1UHPVbm0lbZzwpScqRFB4LWOu1k6BEsISgKRmSIQgkzJBQZWPAlQmELZjZ-wPlPTfM:1tmCFx:7jD8mudzB_dnx2ORu8JNBXpaj84TCtecckHngJUImXk", "expire_date": "2025-03-09T13:42:53.518Z"}}, {"model": "sessions.session", "pk": "jsu1nfgkeuq1tyc2n2302b4bsy6pdvq5", "fields": {"session_data": ".eJxVjDsOwjAQBe_iGln-rT-U9JzBWnsdHEC2FCcV4u4QKQW0b2bei0Xc1hq3UZY4EzszJdjpd0yYH6XthO7Ybp3n3tZlTnxX-EEHv3Yqz8vh_h1UHPVbm0lbZzwpScqRFB4LWOu1k6BEsISgKRmSIQgkzJBQZWPAlQmELZjZ-wPlPTfM:1tmCcD:DvtGtbvgHLG6cHOuqfC4vdFMzkjTjnpq-hF3a2BksNQ", "expire_date": "2025-03-09T14:05:53.959Z"}}, {"model": "sessions.session", "pk": "jxpceyqw888bcwmbrj7vydzicqlrfr6o", "fields": {"session_data": ".eJxVjMEOwiAQRP-FsyGFDdD16N1vICy7StXQpLQn479Lkx70MIeZNzNvFdO2lrg1WeLE6qxsUKffkFJ-St0JP1K9zzrPdV0m0ntFH7Tp68zyuhzdv4OSWulrABp9lzAyDRYMsRmCH9FZZ9iT2AzcbfDQzc2hT2gQ0FEgAXbq8wX2dTeU:1tsknn:Cv6U7YOx2cTqiBQgKiH-1zXUA7pnFhUxq0y-Gr8ibO8", "expire_date": "2025-03-27T15:48:55.200Z"}}, {"model": "sessions.session", "pk": "k5xc89um1vjipvtilezibcml4e70jofp", "fields": {"session_data": ".eJxVjMEOwiAQRP-FsyHAypJ69O43kGUXpGpoUtqT8d9tkx70Mod5b-atIq1LjWvPcxxFXZR16vRbJuJnbjuRB7X7pHlqyzwmvSv6oF3fJsmv6-H-HVTqdVuDDZCxOCnFBCRnLNlgU0AGkkDpDFs6RnZ-8JlYDGbjicDTwAigPl8KMzhF:1tRnjw:nvaC66lEeqxpmT6Nqujz6twK0r04uGlfQw0cOtWmm2o", "expire_date": "2025-01-12T07:29:32.942Z"}}, {"model": "sessions.session", "pk": "kglrlutxuw19vrh05xp72gkte4mj8e2l", "fields": {"session_data": ".eJxVjMEOwiAQRP-FsyHAypJ69O43kGUXpGpoUtqT8d9tkx70Mod5b-atIq1LjWvPcxxFXZR16vRbJuJnbjuRB7X7pHlqyzwmvSv6oF3fJsmv6-H-HVTqdVuDDZCxOCnFBCRnLNlgU0AGkkDpDFs6RnZ-8JlYDGbjicDTwAigPl8KMzhF:1ty6At:zNNXqEVlma4aBDLyA0SK2q9uAD5xixg8AFc-jj11RFU", "expire_date": "2025-04-11T09:38:51.756Z"}}, {"model": "sessions.session", "pk": "l9wsiqmkezxcbm4wyl7vpkwcdco60tb0", "fields": {"session_data": ".eJxVjDsOwjAQBe_iGln-LCZQ0nOG6Nm7wQFkS3FSIe5OIqWAdmbee6sey5z7pcnUj6wuyqrDL4tITymb4AfKvepUyzyNUW-J3m3Tt8ryuu7t30FGy-s6DQQxDCvGsKcYPDuSQDZFEKFbqaPgRJI35w4hnpjgBhhyOAJGfb76RDhV:1tQmrt:uRwyTFxzCSw80HG-L_JOotHM_Oj-bPk9sOSPWwTy86M", "expire_date": "2025-01-09T12:21:33.235Z"}}, {"model": "sessions.session", "pk": "mbe2vifi6pvi0soyr85darj8964n6tn2", "fields": {"session_data": ".eJxVjEEOwiAQRe_C2hAQyoBL9z0DYWZAqoYmpV0Z765NutDtf-_9l4hpW2vcel7ixOIijBGn3xETPXLbCd9Tu82S5rYuE8pdkQftcpw5P6-H-3dQU6_fuqAzZzYDgXOI2UDQZBUqT8Vy8SFoQCadIUGiPLCiQh4K6BKUDcGL9wcgvTi0:1u65rQ:RYPx3jysO0HQTRvN35QbgQEhh9_rpUkxionQbckmGqk", "expire_date": "2025-05-03T10:55:48.689Z"}}, {"model": "sessions.session", "pk": "n3q6fp5qc141uaf15ufaut4afetcvn14", "fields": {"session_data": ".eJxVjEEOwiAQRe_C2hAQyoBL9z0DYWZAqoYmpV0Z765NutDtf-_9l4hpW2vcel7ixOIijBGn3xETPXLbCd9Tu82S5rYuE8pdkQftcpw5P6-H-3dQU6_fuqAzZzYDgXOI2UDQZBUqT8Vy8SFoQCadIUGiPLCiQh4K6BKUDcGL9wcgvTi0:1uA8oa:qt7fjukR2_VtF-Xs_yIXjHy24agI3AHvQbLyAwBLu7c", "expire_date": "2025-05-14T14:53:36.058Z"}}, {"model": "sessions.session", "pk": "nm46bmews78voh5posqyzc1wuvtbksf5", "fields": {"session_data": ".eJxVjEEOwiAQRe_C2pC2zFBw6b5nIAwMUjWQlHZlvLtt0oVu_3vvv4Xz25rd1nhxcxRX0aO4_I7kw5PLQeLDl3uVoZZ1mUkeijxpk1ON_Lqd7t9B9i3vtY4qaWsZyFvgcTTKa0OJAlpIbIB6M8BuoApMCa3qIjMBdgNgiiaJzxcYXDiU:1tQV1p:QA0d0BllOMhMJ_t8gAfDIgciTEygVD1igxe3Eyy3iic", "expire_date": "2025-01-08T17:18:37.692Z"}}, {"model": "sessions.session", "pk": "o8fkdi6voyxl93dspsx9rzybdakjmpvm", "fields": {"session_data": ".eJxVjDsOwjAQBe_iGln-LCZQ0nOG6Nm7wQFkS3FSIe5OIqWAdmbee6sey5z7pcnUj6wuyqrDL4tITymb4AfKvepUyzyNUW-J3m3Tt8ryuu7t30FGy-s6DQQxDCvGsKcYPDuSQDZFEKFbqaPgRJI35w4hnpjgBhhyOAJGfb76RDhV:1tc3jg:ph6L1QiU9qibssvyZ7nCAzASA3gLPiEr9PF61ojzxCc", "expire_date": "2025-02-09T14:35:40.397Z"}}, {"model": "sessions.session", "pk": "otw9cjwxqtifdloiedodrguokoygl7c5", "fields": {"session_data": ".eJxVjMEOwiAQRP-FsyHAypJ69O43kGUXpGpoUtqT8d9tkx70Mod5b-atIq1LjWvPcxxFXZR16vRbJuJnbjuRB7X7pHlqyzwmvSv6oF3fJsmv6-H-HVTqdVuDDZCxOCnFBCRnLNlgU0AGkkDpDFs6RnZ-8JlYDGbjicDTwAigPl8KMzhF:1tl8DR:U5hM6GJIyd8FFOSQav96SJIzje2ej208uCS_2Uc7mcw", "expire_date": "2025-03-06T15:11:53.004Z"}}, {"model": "sessions.session", "pk": "psmdynf2taxckq5267y88o0lxt7eakwm", "fields": {"session_data": ".eJxVjMsOwiAQRf-FtSHg8HTp3m8gwwBSNZCUdmX8d9ukC93ec859s4DrUsM68hymxC5MsdPvFpGeue0gPbDdO6felnmKfFf4QQe_9ZRf18P9O6g46laLVLAYXTxIC1kmErEAGMoRjNeRspSgbAFnlUDpdBGbjXQ2loyR3rHPF_H_N6s:1tPnz2:2vwktIPwstNoPZoGg8HrqMmNxOHcqM9SU0E6046ZkEM", "expire_date": "2025-01-06T19:20:52.849Z"}}, {"model": "sessions.session", "pk": "q0ajhcgpglv8jlq55isox887jw4qy3y0", "fields": {"session_data": ".eJxVjDsOwjAQBe_iGln-LCZQ0nOG6Nm7wQFkS3FSIe5OIqWAdmbee6sey5z7pcnUj6wuyqrDL4tITymb4AfKvepUyzyNUW-J3m3Tt8ryuu7t30FGy-s6DQQxDCvGsKcYPDuSQDZFEKFbqaPgRJI35w4hnpjgBhhyOAJGfb76RDhV:1tx0r0:T9dbTLDLnNeCb4x3XOfZecypTR8042JnJbVY4wihQiQ", "expire_date": "2025-04-08T09:45:50.281Z"}}, {"model": "sessions.session", "pk": "q9dgji0clxqlk51u8jwgc83jq4unsf4q", "fields": {"session_data": ".eJxVjMEOwiAQRP-FsyHAypJ69O43kGUXpGpoUtqT8d9tkx70Mod5b-atIq1LjWvPcxxFXZR16vRbJuJnbjuRB7X7pHlqyzwmvSv6oF3fJsmv6-H-HVTqdVuDDZCxOCnFBCRnLNlgU0AGkkDpDFs6RnZ-8JlYDGbjicDTwAigPl8KMzhF:1tlkRu:YLeskTOWwQYUCyC_XuNK8k82nF0Y7RBa7lW5c1qgJRU", "expire_date": "2025-03-08T08:01:22.019Z"}}, {"model": "sessions.session", "pk": "r3tyrpfcewof4k9omdhqhnfwup54h9tn", "fields": {"session_data": ".eJxVjDsOwjAQBe_iGln-rT-U9JzBWnsdHEC2FCcV4u4QKQW0b2bei0Xc1hq3UZY4EzszJdjpd0yYH6XthO7Ybp3n3tZlTnxX-EEHv3Yqz8vh_h1UHPVbm0lbZzwpScqRFB4LWOu1k6BEsISgKRmSIQgkzJBQZWPAlQmELZjZ-wPlPTfM:1tmCZW:WT3LWd08b6pFHcaXLOBemYHxYJq4TWlrglm1yZ9S3wU", "expire_date": "2025-03-09T14:03:06.806Z"}}, {"model": "sessions.session", "pk": "s4y1orjg5ljjclxrsxk7yfwnbi0sd0p0", "fields": {"session_data": ".eJxVjMEOwiAQRP-FsyHAypJ69O43kGUXpGpoUtqT8d9tkx70Mod5b-atIq1LjWvPcxxFXZR16vRbJuJnbjuRB7X7pHlqyzwmvSv6oF3fJsmv6-H-HVTqdVuDDZCxOCnFBCRnLNlgU0AGkkDpDFs6RnZ-8JlYDGbjicDTwAigPl8KMzhF:1tlkc7:0WrZtu7UerUIWIOcA8JIVddjaetUbw4fSRCXfZaz2Kg", "expire_date": "2025-03-08T08:11:55.309Z"}}, {"model": "sessions.session", "pk": "s5gl6zw0foewkmyvhmgdgereoz317lep", "fields": {"session_data": ".eJxVjMEOwiAQRP-FsyHAypJ69O43kGUXpGpoUtqT8d9tkx70Mod5b-atIq1LjWvPcxxFXZR16vRbJuJnbjuRB7X7pHlqyzwmvSv6oF3fJsmv6-H-HVTqdVuDDZCxOCnFBCRnLNlgU0AGkkDpDFs6RnZ-8JlYDGbjicDTwAigPl8KMzhF:1tSutT:avcHZp0ZZuFDE1c9uzYpHbVaiyUbm2KeuVwfhqklFXs", "expire_date": "2025-01-15T09:19:59.643Z"}}, {"model": "sessions.session", "pk": "sr9n4i95cesi3yo50ht5h43mbta0eebd", "fields": {"session_data": ".eJxVjEEOwiAQRe_C2hAQyoBL9z0DYWZAqoYmpV0Z765NutDtf-_9l4hpW2vcel7ixOIijBGn3xETPXLbCd9Tu82S5rYuE8pdkQftcpw5P6-H-3dQU6_fuqAzZzYDgXOI2UDQZBUqT8Vy8SFoQCadIUGiPLCiQh4K6BKUDcGL9wcgvTi0:1u9Jxv:mxFy81qbVI_QHghpd6HWhsg6WH1lBdTqEUFb-vrhytM", "expire_date": "2025-05-12T08:35:51.078Z"}}, {"model": "sessions.session", "pk": "sw8k3cenoggaxvyy1py0dllfbss0tp8b", "fields": {"session_data": ".eJxVjEEOwiAQRe_C2pBCoe24dO8ZyMzASNVAUtqV8e7apAvd_vfef6mA25rD1tIS5qjOqjfq9DsS8iOVncQ7llvVXMu6zKR3RR-06WuN6Xk53L-DjC1_a_LOIHXGDdKheBIbjevtBElAaGDwE7FYiaMD7gFdGskDMrBjG8Go9wcdCzjS:1u8yZA:0RuH7cy7nitQY0Yg5HimJd4WDltYTDmBZ6EgEHocffo", "expire_date": "2025-05-11T09:44:52.398Z"}}, {"model": "sessions.session", "pk": "t6n7raph8nspykye8wzax872bcrvhy6p", "fields": {"session_data": ".eJxVjMEOwiAQRP-FsyHAypJ69O43kGUXpGpoUtqT8d9tkx70Mod5b-atIq1LjWvPcxxFXZR16vRbJuJnbjuRB7X7pHlqyzwmvSv6oF3fJsmv6-H-HVTqdVuDDZCxOCnFBCRnLNlgU0AGkkDpDFs6RnZ-8JlYDGbjicDTwAigPl8KMzhF:1u0ZYQ:zZnRCwfoCjlu1SgqF0wvwTKUL1fWlFf-qvaY7fkcitU", "expire_date": "2025-04-18T05:25:22.579Z"}}, {"model": "sessions.session", "pk": "t7okvoakq02pkxslilv7c49ee2z6ukj4", "fields": {"session_data": ".eJxVjMsOwiAQRf-FtSHg8HTp3m8gwwBSNZCUdmX8d9ukC93ec859s4DrUsM68hymxC5MsdPvFpGeue0gPbDdO6felnmKfFf4QQe_9ZRf18P9O6g46laLVLAYXTxIC1kmErEAGMoRjNeRspSgbAFnlUDpdBGbjXQ2loyR3rHPF_H_N6s:1toe5V:wlV87I2yIaQmZPQSbAVosl3NxG5y4GrtuuoCicghdKw", "expire_date": "2025-03-16T07:50:13.492Z"}}, {"model": "sessions.session", "pk": "t85nx0tuzkhosvjvjfst5s2ahgxzi9et", "fields": {"session_data": ".eJxVjDsOwjAQBe_iGln-LCZQ0nOG6Nm7wQFkS3FSIe5OIqWAdmbee6sey5z7pcnUj6wuyqrDL4tITymb4AfKvepUyzyNUW-J3m3Tt8ryuu7t30FGy-s6DQQxDCvGsKcYPDuSQDZFEKFbqaPgRJI35w4hnpjgBhhyOAJGfb76RDhV:1tPqkO:R-NQGqTVVfereldBFM3caZQXqayM2HPDPLQdEMXS10k", "expire_date": "2025-01-06T22:17:56.042Z"}}, {"model": "sessions.session", "pk": "tlo7eutq8zif080u45s342anfyvai7ew", "fields": {"session_data": ".eJxVjDsOwjAQBe_iGln-26Gkzxms9XqNA8iR4qRC3J1ESgHtm5n3ZhG2tcat0xKnzK7MssvvlgCf1A6QH9DuM8e5rcuU-KHwk3Y-zplet9P9O6jQ614rNEEngyAMOF8oB2etJKcJi_ReDOjVjrWQutgSyBXrlEuGBkBKVrLPF-USOAs:1tQ56F:G65GigfFLVn8KYDMPiOFdBLgwHFy4s7wmTmEoqHEQi4", "expire_date": "2025-01-07T13:37:27.091Z"}}, {"model": "sessions.session", "pk": "tnm9ddy6ivsdcoze8udf2t6g1507qvu2", "fields": {"session_data": ".eJxVjMEOwiAQRP-FsyHAypJ69O43kGUXpGpoUtqT8d9tkx70Mod5b-atIq1LjWvPcxxFXZR16vRbJuJnbjuRB7X7pHlqyzwmvSv6oF3fJsmv6-H-HVTqdVuDDZCxOCnFBCRnLNlgU0AGkkDpDFs6RnZ-8JlYDGbjicDTwAigPl8KMzhF:1tl8Zo:2n1T1TTfbPaUuF81wOVaOO2NbHNnf0xzip0pN_C_D_Q", "expire_date": "2025-03-06T15:35:00.212Z"}}, {"model": "sessions.session", "pk": "tpxkecl5rjmt8aoikg3juvwxtn0jmof7", "fields": {"session_data": ".eJxVjMsOwiAUBf-FtSECUopL934DudyHVA0kpV0Z_12bdKHbMzPnpRKsS0lr5zlNpM7KDOrwO2bAB9eN0B3qrWlsdZmnrDdF77TrayN-Xnb376BAL98aow_O26MzgkSRHEUE8TmM0ZhBsgAbdhYFIbOcSEYbPLNxAiiEQb0_MHY58Q:1tqpOh:GYCzMPsikUUgGswGXia8-HH1680Bd52V8dG3YOycqag", "expire_date": "2025-03-22T08:19:03.047Z"}}, {"model": "sessions.session", "pk": "tv5was9dlanupizoj9msoyz6sqacr7uw", "fields": {"session_data": ".eJxVjEEOwiAQRe_C2hAQyoBL9z0DYWZAqoYmpV0Z765NutDtf-_9l4hpW2vcel7ixOIijBGn3xETPXLbCd9Tu82S5rYuE8pdkQftcpw5P6-H-3dQU6_fuqAzZzYDgXOI2UDQZBUqT8Vy8SFoQCadIUGiPLCiQh4K6BKUDcGL9wcgvTi0:1uA2ZV:PTnUXekJwcBgY6x41VOFteqbCReDE6bBnKi45YQQyuQ", "expire_date": "2025-05-14T08:13:37.006Z"}}, {"model": "sessions.session", "pk": "u7axoeik91q3ffyoubojigwdbld1z5cv", "fields": {"session_data": ".eJxVjMEOwiAQRP-FsyFQWFg8evcbyAKrVA1NSnsy_rtt0oPeJvPezFtEWpca185zHIs4i8GI02-ZKD-57aQ8qN0nmae2zGOSuyIP2uV1Kvy6HO7fQaVet7X1xGg8QQqUNQQwwd4As2KL2YLZgrMYCg8OiwOdDaC3SvnEDr3R4vMF8qc3BA:1tsPTN:Bl9uHQSuDDBcivRNFUuAxdoORgrolAMgvjgBM-D4yoo", "expire_date": "2025-03-26T17:02:25.313Z"}}, {"model": "sessions.session", "pk": "ubu0jwvyeqc50n7wuvffbk3vdea8inn6", "fields": {"session_data": ".eJxVjMsOwiAQRf-FtSHg8HTp3m8gwwBSNZCUdmX8d9ukC93ec859s4DrUsM68hymxC5MsdPvFpGeue0gPbDdO6felnmKfFf4QQe_9ZRf18P9O6g46laLVLAYXTxIC1kmErEAGMoRjNeRspSgbAFnlUDpdBGbjXQ2loyR3rHPF_H_N6s:1toiaa:3fSrkvtUNxWHwpT1omGyY0Ss41TiH3a0f57GiiChEuQ", "expire_date": "2025-03-16T12:38:36.602Z"}}, {"model": "sessions.session", "pk": "wbr4yr7892voc7zaiq9al2g9ehj62hul", "fields": {"session_data": ".eJxVjDsOwjAQBe_iGln-LCZQ0nOG6Nm7wQFkS3FSIe5OIqWAdmbee6sey5z7pcnUj6wuyqrDL4tITymb4AfKvepUyzyNUW-J3m3Tt8ryuu7t30FGy-s6DQQxDCvGsKcYPDuSQDZFEKFbqaPgRJI35w4hnpjgBhhyOAJGfb76RDhV:1tKsQV:PvcQ3CKQstC6ABJHw_PETKKuaMeD2_ni2eT7DvzHdgM", "expire_date": "2024-12-24T05:04:51.619Z"}}, {"model": "sessions.session", "pk": "xkk0v7hg2d74jyhuvi232dusubv67rq4", "fields": {"session_data": ".eJxVjDsOwjAQBe_iGln-LCZQ0nOG6Nm7wQFkS3FSIe5OIqWAdmbee6sey5z7pcnUj6wuyqrDL4tITymb4AfKvepUyzyNUW-J3m3Tt8ryuu7t30FGy-s6DQQxDCvGsKcYPDuSQDZFEKFbqaPgRJI35w4hnpjgBhhyOAJGfb76RDhV:1tkeCN:LENj7cMVjUVItbbpuqwHQifEWiiJoeVZPLK1z9C_m50", "expire_date": "2025-03-05T07:08:47.771Z"}}, {"model": "sessions.session", "pk": "ybp7d6mn8rm20q1mihx1r91u6ucbjuev", "fields": {"session_data": ".eJxVjDsOwjAQBe_iGlle_1hT0ucM1nrXJgGUSPlUiLtDpBTQvpl5L5VpW_u8LXXOg6iLsqhOv2MhftRxJ3Kn8TZpnsZ1HoreFX3QRXeT1Of1cP8Oelr6bw3BowHvC0ZIxrqEvnIKxTnb2CaIYoBsjFKAQ0WxhhgBG0d3JmhevT_NRTcQ:1u0v9p:I-AEM-hwhAe6hk7f41hmUNBLze-SlZeAsUyGDSmUmvk", "expire_date": "2025-04-19T04:29:25.433Z"}}, {"model": "sessions.session", "pk": "yxx41oi1ldjjebehvb4zveyehl6rp567", "fields": {"session_data": ".eJxVjDsOwjAQBe_iGln-26Gkzxms9XqNA8iR4qRC3J1ESgHtm5n3ZhG2tcat0xKnzK7MssvvlgCf1A6QH9DuM8e5rcuU-KHwk3Y-zplet9P9O6jQ614rNEEngyAMOF8oB2etJKcJi_ReDOjVjrWQutgSyBXrlEuGBkBKVrLPF-USOAs:1tQ0IH:Bf8gewLNzd1CeFMqdfc4oxQQO9NWU83FoXbBAahdaU8", "expire_date": "2025-01-07T08:29:33.815Z"}}, {"model": "sessions.session", "pk": "z1xxg0cy2bqn5o66ovfshihqyknup4zu", "fields": {"session_data": ".eJxVjE0KwyAUhO_iuohR0Nhl9z2DPN9PTVsixGQVevcayKKFgYH5ZmZXCba1pK3xkiZSV2WtuvyGGfDF80HoCfOjaqzzukxZHxV90qbvlfh9O7t_BwVa6WtGRuNGgMAsINaxMR59iCMgEkG2A3UF73BgMN4Kd5NAEgVizurzBVAvOjM:1tmYj9:Jl4ph__lC84QlPzNzvEKaJ98_wHZOtB5R3XcqlZVXZs", "expire_date": "2025-03-10T13:42:31.120Z"}}, {"model": "sessions.session", "pk": "zlva31d08dv5yqawpn6u0j51vmzh464a", "fields": {"session_data": ".eJxVjMEOwiAQRP-FsyHAypJ69O43kGUXpGpoUtqT8d9tkx70Mod5b-atIq1LjWvPcxxFXZR16vRbJuJnbjuRB7X7pHlqyzwmvSv6oF3fJsmv6-H-HVTqdVuDDZCxOCnFBCRnLNlgU0AGkkDpDFs6RnZ-8JlYDGbjicDTwAigPl8KMzhF:1tkOpE:sZEpiws3LkLlZccb-AlgQ7NDpjaBHr47RYcwev23k0A", "expire_date": "2025-03-04T14:43:52.090Z"}}, {"model": "sessions.session", "pk": "zsb82e7cj2ski0vcgvhx5582r4qos271", "fields": {"session_data": ".eJxVjMEOwiAQRP-FsyHAypJ69O43kGUXpGpoUtqT8d9tkx70Mod5b-atIq1LjWvPcxxFXZR16vRbJuJnbjuRB7X7pHlqyzwmvSv6oF3fJsmv6-H-HVTqdVuDDZCxOCnFBCRnLNlgU0AGkkDpDFs6RnZ-8JlYDGbjicDTwAigPl8KMzhF:1tPtce:SifJWti7POX7ItOywn_roU589cXkPU1cStJeU6aOokw", "expire_date": "2025-01-07T01:22:08.051Z"}}, {"model": "accounts.state", "pk": 1, "fields": {"name": "Adamawa"}}, {"model": "accounts.state", "pk": 2, "fields": {"name": "Akwa Ibom"}}, {"model": "accounts.state", "pk": 3, "fields": {"name": "Anambra"}}, {"model": "accounts.state", "pk": 4, "fields": {"name": "Ogun"}}, {"model": "accounts.state", "pk": 5, "fields": {"name": "Ondo"}}, {"model": "accounts.state", "pk": 6, "fields": {"name": "Rivers"}}, {"model": "accounts.state", "pk": 7, "fields": {"name": "Bauchi"}}, {"model": "accounts.state", "pk": 8, "fields": {"name": "Benue"}}, {"model": "accounts.state", "pk": 9, "fields": {"name": "Borno"}}, {"model": "accounts.state", "pk": 10, "fields": {"name": "Bayelsa"}}, {"model": "accounts.state", "pk": 11, "fields": {"name": "Cross River"}}, {"model": "accounts.state", "pk": 12, "fields": {"name": "Delta"}}, {"model": "accounts.state", "pk": 13, "fields": {"name": "Ebonyi"}}, {"model": "accounts.state", "pk": 14, "fields": {"name": "Edo"}}, {"model": "accounts.state", "pk": 15, "fields": {"name": "Ekiti"}}, {"model": "accounts.state", "pk": 16, "fields": {"name": "Enugu"}}, {"model": "accounts.state", "pk": 17, "fields": {"name": "Federal Capital Territory"}}, {"model": "accounts.state", "pk": 18, "fields": {"name": "Gombe"}}, {"model": "accounts.state", "pk": 19, "fields": {"name": "Jigawa"}}, {"model": "accounts.state", "pk": 20, "fields": {"name": "Oyo"}}, {"model": "accounts.state", "pk": 21, "fields": {"name": "Imo"}}, {"model": "accounts.state", "pk": 22, "fields": {"name": "Kaduna"}}, {"model": "accounts.state", "pk": 23, "fields": {"name": "Kebbi"}}, {"model": "accounts.state", "pk": 24, "fields": {"name": "Kano"}}, {"model": "accounts.state", "pk": 25, "fields": {"name": "Kogi"}}, {"model": "accounts.state", "pk": 26, "fields": {"name": "Osun"}}, {"model": "accounts.state", "pk": 27, "fields": {"name": "Sokoto"}}, {"model": "accounts.state", "pk": 28, "fields": {"name": "Plateau"}}, {"model": "accounts.state", "pk": 29, "fields": {"name": "Taraba"}}, {"model": "accounts.state", "pk": 30, "fields": {"name": "Yobe"}}, {"model": "accounts.state", "pk": 31, "fields": {"name": "Zamfara"}}, {"model": "accounts.state", "pk": 32, "fields": {"name": "Lagos"}}, {"model": "accounts.state", "pk": 33, "fields": {"name": "Katsina"}}, {"model": "accounts.state", "pk": 34, "fields": {"name": "Kwara"}}, {"model": "accounts.state", "pk": 35, "fields": {"name": "Nasarawa"}}, {"model": "accounts.state", "pk": 36, "fields": {"name": "Niger"}}, {"model": "accounts.state", "pk": 37, "fields": {"name": "Abia"}}, {"model": "accounts.lga", "pk": 1, "fields": {"name": "Demsa", "state": 1}}, {"model": "accounts.lga", "pk": 2, "fields": {"name": "Fufure", "state": 1}}, {"model": "accounts.lga", "pk": 3, "fields": {"name": "Ganye", "state": 1}}, {"model": "accounts.lga", "pk": 4, "fields": {"name": "Gayuk", "state": 1}}, {"model": "accounts.lga", "pk": 5, "fields": {"name": "Gombi", "state": 1}}, {"model": "accounts.lga", "pk": 6, "fields": {"name": "Grie", "state": 1}}, {"model": "accounts.lga", "pk": 7, "fields": {"name": "Hong", "state": 1}}, {"model": "accounts.lga", "pk": 8, "fields": {"name": "Jada", "state": 1}}, {"model": "accounts.lga", "pk": 9, "fields": {"name": "Larmurde", "state": 1}}, {"model": "accounts.lga", "pk": 10, "fields": {"name": "Madagali", "state": 1}}, {"model": "accounts.lga", "pk": 11, "fields": {"name": "Maiha", "state": 1}}, {"model": "accounts.lga", "pk": 12, "fields": {"name": "Mayo Belwa", "state": 1}}, {"model": "accounts.lga", "pk": 13, "fields": {"name": "Michika", "state": 1}}, {"model": "accounts.lga", "pk": 14, "fields": {"name": "Mubi North", "state": 1}}, {"model": "accounts.lga", "pk": 15, "fields": {"name": "Mubi South", "state": 1}}, {"model": "accounts.lga", "pk": 16, "fields": {"name": "Numan", "state": 1}}, {"model": "accounts.lga", "pk": 17, "fields": {"name": "Shelleng", "state": 1}}, {"model": "accounts.lga", "pk": 18, "fields": {"name": "Song", "state": 1}}, {"model": "accounts.lga", "pk": 19, "fields": {"name": "Toungo", "state": 1}}, {"model": "accounts.lga", "pk": 20, "fields": {"name": "Yola North", "state": 1}}, {"model": "accounts.lga", "pk": 21, "fields": {"name": "Yola South", "state": 1}}, {"model": "accounts.lga", "pk": 22, "fields": {"name": "Abak", "state": 2}}, {"model": "accounts.lga", "pk": 23, "fields": {"name": "Eastern Obolo", "state": 2}}, {"model": "accounts.lga", "pk": 24, "fields": {"name": "Eket", "state": 2}}, {"model": "accounts.lga", "pk": 25, "fields": {"name": "Esit Eket", "state": 2}}, {"model": "accounts.lga", "pk": 26, "fields": {"name": "Essien Udim", "state": 2}}, {"model": "accounts.lga", "pk": 27, "fields": {"name": "Etim Ekpo", "state": 2}}, {"model": "accounts.lga", "pk": 28, "fields": {"name": "Etinan", "state": 2}}, {"model": "accounts.lga", "pk": 29, "fields": {"name": "Ibeno", "state": 2}}, {"model": "accounts.lga", "pk": 30, "fields": {"name": "Ibesikpo Asutan", "state": 2}}, {"model": "accounts.lga", "pk": 31, "fields": {"name": "Ibiono-Ibom", "state": 2}}, {"model": "accounts.lga", "pk": 32, "fields": {"name": "Ikot Abasi", "state": 2}}, {"model": "accounts.lga", "pk": 33, "fields": {"name": "Ika", "state": 2}}, {"model": "accounts.lga", "pk": 34, "fields": {"name": "Ikono", "state": 2}}, {"model": "accounts.lga", "pk": 35, "fields": {"name": "Ikot Ekpene", "state": 2}}, {"model": "accounts.lga", "pk": 36, "fields": {"name": "Ini", "state": 2}}, {"model": "accounts.lga", "pk": 37, "fields": {"name": "Mkpat-Enin", "state": 2}}, {"model": "accounts.lga", "pk": 38, "fields": {"name": "Itu", "state": 2}}, {"model": "accounts.lga", "pk": 39, "fields": {"name": "Mbo", "state": 2}}, {"model": "accounts.lga", "pk": 40, "fields": {"name": "Nsit-Atai", "state": 2}}, {"model": "accounts.lga", "pk": 41, "fields": {"name": "Nsit-Ibom", "state": 2}}, {"model": "accounts.lga", "pk": 42, "fields": {"name": "Nsit-Ubium", "state": 2}}, {"model": "accounts.lga", "pk": 43, "fields": {"name": "Obot Akara", "state": 2}}, {"model": "accounts.lga", "pk": 44, "fields": {"name": "Okobo", "state": 2}}, {"model": "accounts.lga", "pk": 45, "fields": {"name": "Onna", "state": 2}}, {"model": "accounts.lga", "pk": 46, "fields": {"name": "Oron", "state": 2}}, {"model": "accounts.lga", "pk": 47, "fields": {"name": "Udung-Uko", "state": 2}}, {"model": "accounts.lga", "pk": 48, "fields": {"name": "Ukanafun", "state": 2}}, {"model": "accounts.lga", "pk": 49, "fields": {"name": "Oruk Anam", "state": 2}}, {"model": "accounts.lga", "pk": 50, "fields": {"name": "Uruan", "state": 2}}, {"model": "accounts.lga", "pk": 51, "fields": {"name": "Urue-Offong/Oruko", "state": 2}}, {"model": "accounts.lga", "pk": 52, "fields": {"name": "Uyo", "state": 2}}, {"model": "accounts.lga", "pk": 53, "fields": {"name": "Aguata", "state": 3}}, {"model": "accounts.lga", "pk": 54, "fields": {"name": "Anambra East", "state": 3}}, {"model": "accounts.lga", "pk": 55, "fields": {"name": "Anaocha", "state": 3}}, {"model": "accounts.lga", "pk": 56, "fields": {"name": "Awka North", "state": 3}}, {"model": "accounts.lga", "pk": 57, "fields": {"name": "Anambra West", "state": 3}}, {"model": "accounts.lga", "pk": 58, "fields": {"name": "Awka South", "state": 3}}, {"model": "accounts.lga", "pk": 59, "fields": {"name": "Ayamelum", "state": 3}}, {"model": "accounts.lga", "pk": 60, "fields": {"name": "Dunukofia", "state": 3}}, {"model": "accounts.lga", "pk": 61, "fields": {"name": "Ekwusigo", "state": 3}}, {"model": "accounts.lga", "pk": 62, "fields": {"name": "Idemili North", "state": 3}}, {"model": "accounts.lga", "pk": 63, "fields": {"name": "Idemili South", "state": 3}}, {"model": "accounts.lga", "pk": 64, "fields": {"name": "Ihiala", "state": 3}}, {"model": "accounts.lga", "pk": 65, "fields": {"name": "Njikoka", "state": 3}}, {"model": "accounts.lga", "pk": 66, "fields": {"name": "Nnewi North", "state": 3}}, {"model": "accounts.lga", "pk": 67, "fields": {"name": "Nnewi South", "state": 3}}, {"model": "accounts.lga", "pk": 68, "fields": {"name": "Ogbaru", "state": 3}}, {"model": "accounts.lga", "pk": 69, "fields": {"name": "Onitsha North", "state": 3}}, {"model": "accounts.lga", "pk": 70, "fields": {"name": "Onitsha South", "state": 3}}, {"model": "accounts.lga", "pk": 71, "fields": {"name": "Orumba North", "state": 3}}, {"model": "accounts.lga", "pk": 72, "fields": {"name": "Orumba South", "state": 3}}, {"model": "accounts.lga", "pk": 73, "fields": {"name": "Oyi", "state": 3}}, {"model": "accounts.lga", "pk": 74, "fields": {"name": "Abeokuta North", "state": 4}}, {"model": "accounts.lga", "pk": 75, "fields": {"name": "Abeokuta South", "state": 4}}, {"model": "accounts.lga", "pk": 76, "fields": {"name": "Ado-Odo/Ota", "state": 4}}, {"model": "accounts.lga", "pk": 77, "fields": {"name": "Egbado North", "state": 4}}, {"model": "accounts.lga", "pk": 78, "fields": {"name": "Ewekoro", "state": 4}}, {"model": "accounts.lga", "pk": 79, "fields": {"name": "Egbado South", "state": 4}}, {"model": "accounts.lga", "pk": 80, "fields": {"name": "Ijebu North", "state": 4}}, {"model": "accounts.lga", "pk": 81, "fields": {"name": "Ijebu East", "state": 4}}, {"model": "accounts.lga", "pk": 82, "fields": {"name": "Ifo", "state": 4}}, {"model": "accounts.lga", "pk": 83, "fields": {"name": "Ijebu Ode", "state": 4}}, {"model": "accounts.lga", "pk": 84, "fields": {"name": "Ijebu North East", "state": 4}}, {"model": "accounts.lga", "pk": 85, "fields": {"name": "Imeko Afon", "state": 4}}, {"model": "accounts.lga", "pk": 86, "fields": {"name": "Ikenne", "state": 4}}, {"model": "accounts.lga", "pk": 87, "fields": {"name": "Ipokia", "state": 4}}, {"model": "accounts.lga", "pk": 88, "fields": {"name": "Odeda", "state": 4}}, {"model": "accounts.lga", "pk": 89, "fields": {"name": "Obafemi Owode", "state": 4}}, {"model": "accounts.lga", "pk": 90, "fields": {"name": "Odogbolu", "state": 4}}, {"model": "accounts.lga", "pk": 91, "fields": {"name": "Remo North", "state": 4}}, {"model": "accounts.lga", "pk": 92, "fields": {"name": "Ogun Waterside", "state": 4}}, {"model": "accounts.lga", "pk": 93, "fields": {"name": "Shagamu", "state": 4}}, {"model": "accounts.lga", "pk": 94, "fields": {"name": "Akoko North-East", "state": 5}}, {"model": "accounts.lga", "pk": 95, "fields": {"name": "Akoko North-West", "state": 5}}, {"model": "accounts.lga", "pk": 96, "fields": {"name": "Akoko South-West", "state": 5}}, {"model": "accounts.lga", "pk": 97, "fields": {"name": "Akoko South-East", "state": 5}}, {"model": "accounts.lga", "pk": 98, "fields": {"name": "Akure North", "state": 5}}, {"model": "accounts.lga", "pk": 99, "fields": {"name": "Akure South", "state": 5}}, {"model": "accounts.lga", "pk": 100, "fields": {"name": "Ese Odo", "state": 5}}, {"model": "accounts.lga", "pk": 101, "fields": {"name": "Idanre", "state": 5}}, {"model": "accounts.lga", "pk": 102, "fields": {"name": "Ifedore", "state": 5}}, {"model": "accounts.lga", "pk": 103, "fields": {"name": "Ilaje", "state": 5}}, {"model": "accounts.lga", "pk": 104, "fields": {"name": "Irele", "state": 5}}, {"model": "accounts.lga", "pk": 105, "fields": {"name": "Ile Oluji/Okeigbo", "state": 5}}, {"model": "accounts.lga", "pk": 106, "fields": {"name": "Odigbo", "state": 5}}, {"model": "accounts.lga", "pk": 107, "fields": {"name": "Okitipupa", "state": 5}}, {"model": "accounts.lga", "pk": 108, "fields": {"name": "Ondo West", "state": 5}}, {"model": "accounts.lga", "pk": 109, "fields": {"name": "Ose", "state": 5}}, {"model": "accounts.lga", "pk": 110, "fields": {"name": "Ondo East", "state": 5}}, {"model": "accounts.lga", "pk": 111, "fields": {"name": "Owo", "state": 5}}, {"model": "accounts.lga", "pk": 112, "fields": {"name": "Abua/Odual", "state": 6}}, {"model": "accounts.lga", "pk": 113, "fields": {"name": "Ahoada East", "state": 6}}, {"model": "accounts.lga", "pk": 114, "fields": {"name": "Ahoada West", "state": 6}}, {"model": "accounts.lga", "pk": 115, "fields": {"name": "Andoni", "state": 6}}, {"model": "accounts.lga", "pk": 116, "fields": {"name": "Akuku-Toru", "state": 6}}, {"model": "accounts.lga", "pk": 117, "fields": {"name": "Asari-Toru", "state": 6}}, {"model": "accounts.lga", "pk": 118, "fields": {"name": "Bonny", "state": 6}}, {"model": "accounts.lga", "pk": 119, "fields": {"name": "Degema", "state": 6}}, {"model": "accounts.lga", "pk": 120, "fields": {"name": "Emuoha", "state": 6}}, {"model": "accounts.lga", "pk": 121, "fields": {"name": "Eleme", "state": 6}}, {"model": "accounts.lga", "pk": 122, "fields": {"name": "Ikwerre", "state": 6}}, {"model": "accounts.lga", "pk": 123, "fields": {"name": "Etche", "state": 6}}, {"model": "accounts.lga", "pk": 124, "fields": {"name": "Gokana", "state": 6}}, {"model": "accounts.lga", "pk": 125, "fields": {"name": "Khana", "state": 6}}, {"model": "accounts.lga", "pk": 126, "fields": {"name": "Obio/Akpor", "state": 6}}, {"model": "accounts.lga", "pk": 127, "fields": {"name": "Ogba/Egbema/Ndoni", "state": 6}}, {"model": "accounts.lga", "pk": 128, "fields": {"name": "Ogu/Bolo", "state": 6}}, {"model": "accounts.lga", "pk": 129, "fields": {"name": "Okrika", "state": 6}}, {"model": "accounts.lga", "pk": 130, "fields": {"name": "Omuma", "state": 6}}, {"model": "accounts.lga", "pk": 131, "fields": {"name": "Opobo/Nkoro", "state": 6}}, {"model": "accounts.lga", "pk": 132, "fields": {"name": "Oyigbo", "state": 6}}, {"model": "accounts.lga", "pk": 133, "fields": {"name": "Port Harcourt", "state": 6}}, {"model": "accounts.lga", "pk": 134, "fields": {"name": "Tai", "state": 6}}, {"model": "accounts.lga", "pk": 135, "fields": {"name": "Alkaleri", "state": 7}}, {"model": "accounts.lga", "pk": 136, "fields": {"name": "Bauchi", "state": 7}}, {"model": "accounts.lga", "pk": 137, "fields": {"name": "Bogoro", "state": 7}}, {"model": "accounts.lga", "pk": 138, "fields": {"name": "Damban", "state": 7}}, {"model": "accounts.lga", "pk": 139, "fields": {"name": "Darazo", "state": 7}}, {"model": "accounts.lga", "pk": 140, "fields": {"name": "Dass", "state": 7}}, {"model": "accounts.lga", "pk": 141, "fields": {"name": "Gamawa", "state": 7}}, {"model": "accounts.lga", "pk": 142, "fields": {"name": "Ganjuwa", "state": 7}}, {"model": "accounts.lga", "pk": 143, "fields": {"name": "Giade", "state": 7}}, {"model": "accounts.lga", "pk": 144, "fields": {"name": "Itas/Gadau", "state": 7}}, {"model": "accounts.lga", "pk": 145, "fields": {"name": "Jama'are", "state": 7}}, {"model": "accounts.lga", "pk": 146, "fields": {"name": "Katagum", "state": 7}}, {"model": "accounts.lga", "pk": 147, "fields": {"name": "Kirfi", "state": 7}}, {"model": "accounts.lga", "pk": 148, "fields": {"name": "Misau", "state": 7}}, {"model": "accounts.lga", "pk": 149, "fields": {"name": "Ningi", "state": 7}}, {"model": "accounts.lga", "pk": 150, "fields": {"name": "Shira", "state": 7}}, {"model": "accounts.lga", "pk": 151, "fields": {"name": "Tafawa Balewa", "state": 7}}, {"model": "accounts.lga", "pk": 152, "fields": {"name": "Toro", "state": 7}}, {"model": "accounts.lga", "pk": 153, "fields": {"name": "Warji", "state": 7}}, {"model": "accounts.lga", "pk": 154, "fields": {"name": "Zaki", "state": 7}}, {"model": "accounts.lga", "pk": 155, "fields": {"name": "Agatu", "state": 8}}, {"model": "accounts.lga", "pk": 156, "fields": {"name": "Apa", "state": 8}}, {"model": "accounts.lga", "pk": 157, "fields": {"name": "Ado", "state": 8}}, {"model": "accounts.lga", "pk": 158, "fields": {"name": "Buruku", "state": 8}}, {"model": "accounts.lga", "pk": 159, "fields": {"name": "Gboko", "state": 8}}, {"model": "accounts.lga", "pk": 160, "fields": {"name": "Guma", "state": 8}}, {"model": "accounts.lga", "pk": 161, "fields": {"name": "Gwer East", "state": 8}}, {"model": "accounts.lga", "pk": 162, "fields": {"name": "Gwer West", "state": 8}}, {"model": "accounts.lga", "pk": 163, "fields": {"name": "Katsina-Ala", "state": 8}}, {"model": "accounts.lga", "pk": 164, "fields": {"name": "Konshisha", "state": 8}}, {"model": "accounts.lga", "pk": 165, "fields": {"name": "Kwande", "state": 8}}, {"model": "accounts.lga", "pk": 166, "fields": {"name": "Logo", "state": 8}}, {"model": "accounts.lga", "pk": 167, "fields": {"name": "Makurdi", "state": 8}}, {"model": "accounts.lga", "pk": 168, "fields": {"name": "Obi", "state": 8}}, {"model": "accounts.lga", "pk": 169, "fields": {"name": "Ogbadibo", "state": 8}}, {"model": "accounts.lga", "pk": 170, "fields": {"name": "Ohimini", "state": 8}}, {"model": "accounts.lga", "pk": 171, "fields": {"name": "Oju", "state": 8}}, {"model": "accounts.lga", "pk": 172, "fields": {"name": "Okpokwu", "state": 8}}, {"model": "accounts.lga", "pk": 173, "fields": {"name": "Oturkpo", "state": 8}}, {"model": "accounts.lga", "pk": 174, "fields": {"name": "Tarka", "state": 8}}, {"model": "accounts.lga", "pk": 175, "fields": {"name": "Ukum", "state": 8}}, {"model": "accounts.lga", "pk": 176, "fields": {"name": "Ushongo", "state": 8}}, {"model": "accounts.lga", "pk": 177, "fields": {"name": "Vandeikya", "state": 8}}, {"model": "accounts.lga", "pk": 178, "fields": {"name": "Abadam", "state": 9}}, {"model": "accounts.lga", "pk": 179, "fields": {"name": "Askira/Uba", "state": 9}}, {"model": "accounts.lga", "pk": 180, "fields": {"name": "Bama", "state": 9}}, {"model": "accounts.lga", "pk": 181, "fields": {"name": "Bayo", "state": 9}}, {"model": "accounts.lga", "pk": 182, "fields": {"name": "Biu", "state": 9}}, {"model": "accounts.lga", "pk": 183, "fields": {"name": "Chibok", "state": 9}}, {"model": "accounts.lga", "pk": 184, "fields": {"name": "Damboa", "state": 9}}, {"model": "accounts.lga", "pk": 185, "fields": {"name": "Dikwa", "state": 9}}, {"model": "accounts.lga", "pk": 186, "fields": {"name": "Guzamala", "state": 9}}, {"model": "accounts.lga", "pk": 187, "fields": {"name": "Gubio", "state": 9}}, {"model": "accounts.lga", "pk": 188, "fields": {"name": "Hawul", "state": 9}}, {"model": "accounts.lga", "pk": 189, "fields": {"name": "Gwoza", "state": 9}}, {"model": "accounts.lga", "pk": 190, "fields": {"name": "Jere", "state": 9}}, {"model": "accounts.lga", "pk": 191, "fields": {"name": "Kaga", "state": 9}}, {"model": "accounts.lga", "pk": 192, "fields": {"name": "Kala/Balge", "state": 9}}, {"model": "accounts.lga", "pk": 193, "fields": {"name": "Konduga", "state": 9}}, {"model": "accounts.lga", "pk": 194, "fields": {"name": "Kukawa", "state": 9}}, {"model": "accounts.lga", "pk": 195, "fields": {"name": "Kwaya Kusar", "state": 9}}, {"model": "accounts.lga", "pk": 196, "fields": {"name": "Mafa", "state": 9}}, {"model": "accounts.lga", "pk": 197, "fields": {"name": "Magumeri", "state": 9}}, {"model": "accounts.lga", "pk": 198, "fields": {"name": "Maiduguri", "state": 9}}, {"model": "accounts.lga", "pk": 199, "fields": {"name": "Mobbar", "state": 9}}, {"model": "accounts.lga", "pk": 200, "fields": {"name": "Marte", "state": 9}}, {"model": "accounts.lga", "pk": 201, "fields": {"name": "Monguno", "state": 9}}, {"model": "accounts.lga", "pk": 202, "fields": {"name": "Ngala", "state": 9}}, {"model": "accounts.lga", "pk": 203, "fields": {"name": "Nganzai", "state": 9}}, {"model": "accounts.lga", "pk": 204, "fields": {"name": "Shani", "state": 9}}, {"model": "accounts.lga", "pk": 205, "fields": {"name": "Brass", "state": 10}}, {"model": "accounts.lga", "pk": 206, "fields": {"name": "Ekeremor", "state": 10}}, {"model": "accounts.lga", "pk": 207, "fields": {"name": "Kolokuma/Opokuma", "state": 10}}, {"model": "accounts.lga", "pk": 208, "fields": {"name": "Nembe", "state": 10}}, {"model": "accounts.lga", "pk": 209, "fields": {"name": "Ogbia", "state": 10}}, {"model": "accounts.lga", "pk": 210, "fields": {"name": "Sagbama", "state": 10}}, {"model": "accounts.lga", "pk": 211, "fields": {"name": "Southern Ijaw", "state": 10}}, {"model": "accounts.lga", "pk": 212, "fields": {"name": "Yenagoa", "state": 10}}, {"model": "accounts.lga", "pk": 213, "fields": {"name": "Abi", "state": 11}}, {"model": "accounts.lga", "pk": 214, "fields": {"name": "Akamkpa", "state": 11}}, {"model": "accounts.lga", "pk": 215, "fields": {"name": "Akpabuyo", "state": 11}}, {"model": "accounts.lga", "pk": 216, "fields": {"name": "Bakassi", "state": 11}}, {"model": "accounts.lga", "pk": 217, "fields": {"name": "Bekwarra", "state": 11}}, {"model": "accounts.lga", "pk": 218, "fields": {"name": "Biase", "state": 11}}, {"model": "accounts.lga", "pk": 219, "fields": {"name": "Boki", "state": 11}}, {"model": "accounts.lga", "pk": 220, "fields": {"name": "Calabar Municipal", "state": 11}}, {"model": "accounts.lga", "pk": 221, "fields": {"name": "Calabar South", "state": 11}}, {"model": "accounts.lga", "pk": 222, "fields": {"name": "Etung", "state": 11}}, {"model": "accounts.lga", "pk": 223, "fields": {"name": "Ikom", "state": 11}}, {"model": "accounts.lga", "pk": 224, "fields": {"name": "Obanliku", "state": 11}}, {"model": "accounts.lga", "pk": 225, "fields": {"name": "Obubra", "state": 11}}, {"model": "accounts.lga", "pk": 226, "fields": {"name": "Obudu", "state": 11}}, {"model": "accounts.lga", "pk": 227, "fields": {"name": "Odukpani", "state": 11}}, {"model": "accounts.lga", "pk": 228, "fields": {"name": "Ogoja", "state": 11}}, {"model": "accounts.lga", "pk": 229, "fields": {"name": "Yakuur", "state": 11}}, {"model": "accounts.lga", "pk": 230, "fields": {"name": "Yala", "state": 11}}, {"model": "accounts.lga", "pk": 231, "fields": {"name": "Aniocha North", "state": 12}}, {"model": "accounts.lga", "pk": 232, "fields": {"name": "Aniocha South", "state": 12}}, {"model": "accounts.lga", "pk": 233, "fields": {"name": "Bomadi", "state": 12}}, {"model": "accounts.lga", "pk": 234, "fields": {"name": "Burutu", "state": 12}}, {"model": "accounts.lga", "pk": 235, "fields": {"name": "Ethiope West", "state": 12}}, {"model": "accounts.lga", "pk": 236, "fields": {"name": "Ethiope East", "state": 12}}, {"model": "accounts.lga", "pk": 237, "fields": {"name": "Ika North East", "state": 12}}, {"model": "accounts.lga", "pk": 238, "fields": {"name": "Ika South", "state": 12}}, {"model": "accounts.lga", "pk": 239, "fields": {"name": "Isoko North", "state": 12}}, {"model": "accounts.lga", "pk": 240, "fields": {"name": "Isoko South", "state": 12}}, {"model": "accounts.lga", "pk": 241, "fields": {"name": "Ndokwa East", "state": 12}}, {"model": "accounts.lga", "pk": 242, "fields": {"name": "Ndokwa West", "state": 12}}, {"model": "accounts.lga", "pk": 243, "fields": {"name": "Okpe", "state": 12}}, {"model": "accounts.lga", "pk": 244, "fields": {"name": "Oshimili North", "state": 12}}, {"model": "accounts.lga", "pk": 245, "fields": {"name": "Oshimili South", "state": 12}}, {"model": "accounts.lga", "pk": 246, "fields": {"name": "Patani", "state": 12}}, {"model": "accounts.lga", "pk": 247, "fields": {"name": "Sapele", "state": 12}}, {"model": "accounts.lga", "pk": 248, "fields": {"name": "Udu", "state": 12}}, {"model": "accounts.lga", "pk": 249, "fields": {"name": "Ughelli North", "state": 12}}, {"model": "accounts.lga", "pk": 250, "fields": {"name": "Ukwuani", "state": 12}}, {"model": "accounts.lga", "pk": 251, "fields": {"name": "Ughelli South", "state": 12}}, {"model": "accounts.lga", "pk": 252, "fields": {"name": "Uvwie", "state": 12}}, {"model": "accounts.lga", "pk": 253, "fields": {"name": "Warri North", "state": 12}}, {"model": "accounts.lga", "pk": 254, "fields": {"name": "Warri South", "state": 12}}, {"model": "accounts.lga", "pk": 255, "fields": {"name": "Warri South West", "state": 12}}, {"model": "accounts.lga", "pk": 256, "fields": {"name": "Abakaliki", "state": 13}}, {"model": "accounts.lga", "pk": 257, "fields": {"name": "Afikpo North", "state": 13}}, {"model": "accounts.lga", "pk": 258, "fields": {"name": "Ebonyi", "state": 13}}, {"model": "accounts.lga", "pk": 259, "fields": {"name": "Afikpo South", "state": 13}}, {"model": "accounts.lga", "pk": 260, "fields": {"name": "Ezza North", "state": 13}}, {"model": "accounts.lga", "pk": 261, "fields": {"name": "Ikwo", "state": 13}}, {"model": "accounts.lga", "pk": 262, "fields": {"name": "Ezza South", "state": 13}}, {"model": "accounts.lga", "pk": 263, "fields": {"name": "Ivo", "state": 13}}, {"model": "accounts.lga", "pk": 264, "fields": {"name": "Ishielu", "state": 13}}, {"model": "accounts.lga", "pk": 265, "fields": {"name": "Izzi", "state": 13}}, {"model": "accounts.lga", "pk": 266, "fields": {"name": "Ohaozara", "state": 13}}, {"model": "accounts.lga", "pk": 267, "fields": {"name": "Ohaukwu", "state": 13}}, {"model": "accounts.lga", "pk": 268, "fields": {"name": "Onicha", "state": 13}}, {"model": "accounts.lga", "pk": 269, "fields": {"name": "Akoko-Edo", "state": 14}}, {"model": "accounts.lga", "pk": 270, "fields": {"name": "Egor", "state": 14}}, {"model": "accounts.lga", "pk": 271, "fields": {"name": "Esan Central", "state": 14}}, {"model": "accounts.lga", "pk": 272, "fields": {"name": "Esan North-East", "state": 14}}, {"model": "accounts.lga", "pk": 273, "fields": {"name": "Esan South-East", "state": 14}}, {"model": "accounts.lga", "pk": 274, "fields": {"name": "Esan West", "state": 14}}, {"model": "accounts.lga", "pk": 275, "fields": {"name": "Etsako Central", "state": 14}}, {"model": "accounts.lga", "pk": 276, "fields": {"name": "Etsako East", "state": 14}}, {"model": "accounts.lga", "pk": 277, "fields": {"name": "Etsako West", "state": 14}}, {"model": "accounts.lga", "pk": 278, "fields": {"name": "Igueben", "state": 14}}, {"model": "accounts.lga", "pk": 279, "fields": {"name": "Ikpoba Okha", "state": 14}}, {"model": "accounts.lga", "pk": 280, "fields": {"name": "Orhionmwon", "state": 14}}, {"model": "accounts.lga", "pk": 281, "fields": {"name": "Oredo", "state": 14}}, {"model": "accounts.lga", "pk": 282, "fields": {"name": "Ovia North-East", "state": 14}}, {"model": "accounts.lga", "pk": 283, "fields": {"name": "Ovia South-West", "state": 14}}, {"model": "accounts.lga", "pk": 284, "fields": {"name": "Owan East", "state": 14}}, {"model": "accounts.lga", "pk": 285, "fields": {"name": "Owan West", "state": 14}}, {"model": "accounts.lga", "pk": 286, "fields": {"name": "Uhunmwonde", "state": 14}}, {"model": "accounts.lga", "pk": 287, "fields": {"name": "Ado Ekiti", "state": 15}}, {"model": "accounts.lga", "pk": 288, "fields": {"name": "Efon", "state": 15}}, {"model": "accounts.lga", "pk": 289, "fields": {"name": "Ekiti East", "state": 15}}, {"model": "accounts.lga", "pk": 290, "fields": {"name": "Ekiti South-West", "state": 15}}, {"model": "accounts.lga", "pk": 291, "fields": {"name": "Ekiti West", "state": 15}}, {"model": "accounts.lga", "pk": 292, "fields": {"name": "Emure", "state": 15}}, {"model": "accounts.lga", "pk": 293, "fields": {"name": "Gbonyin", "state": 15}}, {"model": "accounts.lga", "pk": 294, "fields": {"name": "Ido Osi", "state": 15}}, {"model": "accounts.lga", "pk": 295, "fields": {"name": "Ijero", "state": 15}}, {"model": "accounts.lga", "pk": 296, "fields": {"name": "Ikere", "state": 15}}, {"model": "accounts.lga", "pk": 297, "fields": {"name": "Ilejemeje", "state": 15}}, {"model": "accounts.lga", "pk": 298, "fields": {"name": "Irepodun/Ifelodun", "state": 15}}, {"model": "accounts.lga", "pk": 299, "fields": {"name": "Ikole", "state": 15}}, {"model": "accounts.lga", "pk": 300, "fields": {"name": "Ise/Orun", "state": 15}}, {"model": "accounts.lga", "pk": 301, "fields": {"name": "Moba", "state": 15}}, {"model": "accounts.lga", "pk": 302, "fields": {"name": "Oye", "state": 15}}, {"model": "accounts.lga", "pk": 303, "fields": {"name": "Awgu", "state": 16}}, {"model": "accounts.lga", "pk": 304, "fields": {"name": "Aninri", "state": 16}}, {"model": "accounts.lga", "pk": 305, "fields": {"name": "Enugu East", "state": 16}}, {"model": "accounts.lga", "pk": 306, "fields": {"name": "Enugu North", "state": 16}}, {"model": "accounts.lga", "pk": 307, "fields": {"name": "Ezeagu", "state": 16}}, {"model": "accounts.lga", "pk": 308, "fields": {"name": "Enugu South", "state": 16}}, {"model": "accounts.lga", "pk": 309, "fields": {"name": "Igbo Etiti", "state": 16}}, {"model": "accounts.lga", "pk": 310, "fields": {"name": "Igbo Eze North", "state": 16}}, {"model": "accounts.lga", "pk": 311, "fields": {"name": "Igbo Eze South", "state": 16}}, {"model": "accounts.lga", "pk": 312, "fields": {"name": "Isi Uzo", "state": 16}}, {"model": "accounts.lga", "pk": 313, "fields": {"name": "Nkanu East", "state": 16}}, {"model": "accounts.lga", "pk": 314, "fields": {"name": "Nkanu West", "state": 16}}, {"model": "accounts.lga", "pk": 315, "fields": {"name": "Nsukka", "state": 16}}, {"model": "accounts.lga", "pk": 316, "fields": {"name": "Udenu", "state": 16}}, {"model": "accounts.lga", "pk": 317, "fields": {"name": "Oji River", "state": 16}}, {"model": "accounts.lga", "pk": 318, "fields": {"name": "Uzo Uwani", "state": 16}}, {"model": "accounts.lga", "pk": 319, "fields": {"name": "Udi", "state": 16}}, {"model": "accounts.lga", "pk": 320, "fields": {"name": "Abaji", "state": 17}}, {"model": "accounts.lga", "pk": 321, "fields": {"name": "Bwari", "state": 17}}, {"model": "accounts.lga", "pk": 322, "fields": {"name": "Gwagwalada", "state": 17}}, {"model": "accounts.lga", "pk": 323, "fields": {"name": "Kuje", "state": 17}}, {"model": "accounts.lga", "pk": 324, "fields": {"name": "Kwali", "state": 17}}, {"model": "accounts.lga", "pk": 325, "fields": {"name": "Municipal Area Council", "state": 17}}, {"model": "accounts.lga", "pk": 326, "fields": {"name": "Akko", "state": 18}}, {"model": "accounts.lga", "pk": 327, "fields": {"name": "Balanga", "state": 18}}, {"model": "accounts.lga", "pk": 328, "fields": {"name": "Billiri", "state": 18}}, {"model": "accounts.lga", "pk": 329, "fields": {"name": "Dukku", "state": 18}}, {"model": "accounts.lga", "pk": 330, "fields": {"name": "Funakaye", "state": 18}}, {"model": "accounts.lga", "pk": 331, "fields": {"name": "Gombe", "state": 18}}, {"model": "accounts.lga", "pk": 332, "fields": {"name": "Kaltungo", "state": 18}}, {"model": "accounts.lga", "pk": 333, "fields": {"name": "Kwami", "state": 18}}, {"model": "accounts.lga", "pk": 334, "fields": {"name": "Nafada", "state": 18}}, {"model": "accounts.lga", "pk": 335, "fields": {"name": "Shongom", "state": 18}}, {"model": "accounts.lga", "pk": 336, "fields": {"name": "Yamaltu/Deba", "state": 18}}, {"model": "accounts.lga", "pk": 337, "fields": {"name": "Auyo", "state": 19}}, {"model": "accounts.lga", "pk": 338, "fields": {"name": "Babura", "state": 19}}, {"model": "accounts.lga", "pk": 339, "fields": {"name": "Buji", "state": 19}}, {"model": "accounts.lga", "pk": 340, "fields": {"name": "Biriniwa", "state": 19}}, {"model": "accounts.lga", "pk": 341, "fields": {"name": "Birnin Kudu", "state": 19}}, {"model": "accounts.lga", "pk": 342, "fields": {"name": "Dutse", "state": 19}}, {"model": "accounts.lga", "pk": 343, "fields": {"name": "Gagarawa", "state": 19}}, {"model": "accounts.lga", "pk": 344, "fields": {"name": "Garki", "state": 19}}, {"model": "accounts.lga", "pk": 345, "fields": {"name": "Gumel", "state": 19}}, {"model": "accounts.lga", "pk": 346, "fields": {"name": "Guri", "state": 19}}, {"model": "accounts.lga", "pk": 347, "fields": {"name": "Gwaram", "state": 19}}, {"model": "accounts.lga", "pk": 348, "fields": {"name": "Gwiwa", "state": 19}}, {"model": "accounts.lga", "pk": 349, "fields": {"name": "Hadejia", "state": 19}}, {"model": "accounts.lga", "pk": 350, "fields": {"name": "Jahun", "state": 19}}, {"model": "accounts.lga", "pk": 351, "fields": {"name": "Kafin Hausa", "state": 19}}, {"model": "accounts.lga", "pk": 352, "fields": {"name": "Kazaure", "state": 19}}, {"model": "accounts.lga", "pk": 353, "fields": {"name": "Kiri Kasama", "state": 19}}, {"model": "accounts.lga", "pk": 354, "fields": {"name": "Kiyawa", "state": 19}}, {"model": "accounts.lga", "pk": 355, "fields": {"name": "Kaugama", "state": 19}}, {"model": "accounts.lga", "pk": 356, "fields": {"name": "Maigatari", "state": 19}}, {"model": "accounts.lga", "pk": 357, "fields": {"name": "Malam Madori", "state": 19}}, {"model": "accounts.lga", "pk": 358, "fields": {"name": "Miga", "state": 19}}, {"model": "accounts.lga", "pk": 359, "fields": {"name": "Sule Tankarkar", "state": 19}}, {"model": "accounts.lga", "pk": 360, "fields": {"name": "Roni", "state": 19}}, {"model": "accounts.lga", "pk": 361, "fields": {"name": "Ringim", "state": 19}}, {"model": "accounts.lga", "pk": 362, "fields": {"name": "Yankwashi", "state": 19}}, {"model": "accounts.lga", "pk": 363, "fields": {"name": "Taura", "state": 19}}, {"model": "accounts.lga", "pk": 364, "fields": {"name": "Afijio", "state": 20}}, {"model": "accounts.lga", "pk": 365, "fields": {"name": "Akinyele", "state": 20}}, {"model": "accounts.lga", "pk": 366, "fields": {"name": "Atiba", "state": 20}}, {"model": "accounts.lga", "pk": 367, "fields": {"name": "Atisbo", "state": 20}}, {"model": "accounts.lga", "pk": 368, "fields": {"name": "Egbeda", "state": 20}}, {"model": "accounts.lga", "pk": 369, "fields": {"name": "Ibadan North", "state": 20}}, {"model": "accounts.lga", "pk": 370, "fields": {"name": "Ibadan North-East", "state": 20}}, {"model": "accounts.lga", "pk": 371, "fields": {"name": "Ibadan North-West", "state": 20}}, {"model": "accounts.lga", "pk": 372, "fields": {"name": "Ibadan South-East", "state": 20}}, {"model": "accounts.lga", "pk": 373, "fields": {"name": "Ibarapa Central", "state": 20}}, {"model": "accounts.lga", "pk": 374, "fields": {"name": "Ibadan South-West", "state": 20}}, {"model": "accounts.lga", "pk": 375, "fields": {"name": "Ibarapa East", "state": 20}}, {"model": "accounts.lga", "pk": 376, "fields": {"name": "Ido", "state": 20}}, {"model": "accounts.lga", "pk": 377, "fields": {"name": "Ibarapa North", "state": 20}}, {"model": "accounts.lga", "pk": 378, "fields": {"name": "Irepo", "state": 20}}, {"model": "accounts.lga", "pk": 379, "fields": {"name": "Iseyin", "state": 20}}, {"model": "accounts.lga", "pk": 380, "fields": {"name": "Itesiwaju", "state": 20}}, {"model": "accounts.lga", "pk": 381, "fields": {"name": "Iwajowa", "state": 20}}, {"model": "accounts.lga", "pk": 382, "fields": {"name": "Kajola", "state": 20}}, {"model": "accounts.lga", "pk": 383, "fields": {"name": "Lagelu", "state": 20}}, {"model": "accounts.lga", "pk": 384, "fields": {"name": "Ogbomosho North", "state": 20}}, {"model": "accounts.lga", "pk": 385, "fields": {"name": "Ogbomosho South", "state": 20}}, {"model": "accounts.lga", "pk": 386, "fields": {"name": "Ogo Oluwa", "state": 20}}, {"model": "accounts.lga", "pk": 387, "fields": {"name": "Olorunsogo", "state": 20}}, {"model": "accounts.lga", "pk": 388, "fields": {"name": "Oluyole", "state": 20}}, {"model": "accounts.lga", "pk": 389, "fields": {"name": "Ona Ara", "state": 20}}, {"model": "accounts.lga", "pk": 390, "fields": {"name": "Orelope", "state": 20}}, {"model": "accounts.lga", "pk": 391, "fields": {"name": "Ori Ire", "state": 20}}, {"model": "accounts.lga", "pk": 392, "fields": {"name": "Oyo", "state": 20}}, {"model": "accounts.lga", "pk": 393, "fields": {"name": "Oyo East", "state": 20}}, {"model": "accounts.lga", "pk": 394, "fields": {"name": "Saki East", "state": 20}}, {"model": "accounts.lga", "pk": 395, "fields": {"name": "Saki West", "state": 20}}, {"model": "accounts.lga", "pk": 396, "fields": {"name": "Surulere Oyo State", "state": 20}}, {"model": "accounts.lga", "pk": 397, "fields": {"name": "Aboh Mbaise", "state": 21}}, {"model": "accounts.lga", "pk": 398, "fields": {"name": "Ahiazu Mbaise", "state": 21}}, {"model": "accounts.lga", "pk": 399, "fields": {"name": "Ehime Mbano", "state": 21}}, {"model": "accounts.lga", "pk": 400, "fields": {"name": "Ezinihitte", "state": 21}}, {"model": "accounts.lga", "pk": 401, "fields": {"name": "Ideato North", "state": 21}}, {"model": "accounts.lga", "pk": 402, "fields": {"name": "Ideato South", "state": 21}}, {"model": "accounts.lga", "pk": 403, "fields": {"name": "Ihitte/Uboma", "state": 21}}, {"model": "accounts.lga", "pk": 404, "fields": {"name": "Ikeduru", "state": 21}}, {"model": "accounts.lga", "pk": 405, "fields": {"name": "Isiala Mbano", "state": 21}}, {"model": "accounts.lga", "pk": 406, "fields": {"name": "Mbaitoli", "state": 21}}, {"model": "accounts.lga", "pk": 407, "fields": {"name": "Isu", "state": 21}}, {"model": "accounts.lga", "pk": 408, "fields": {"name": "Ngor Okpala", "state": 21}}, {"model": "accounts.lga", "pk": 409, "fields": {"name": "Njaba", "state": 21}}, {"model": "accounts.lga", "pk": 410, "fields": {"name": "Nkwerre", "state": 21}}, {"model": "accounts.lga", "pk": 411, "fields": {"name": "Nwangele", "state": 21}}, {"model": "accounts.lga", "pk": 412, "fields": {"name": "Obowo", "state": 21}}, {"model": "accounts.lga", "pk": 413, "fields": {"name": "Oguta", "state": 21}}, {"model": "accounts.lga", "pk": 414, "fields": {"name": "Ohaji/Egbema", "state": 21}}, {"model": "accounts.lga", "pk": 415, "fields": {"name": "Okigwe", "state": 21}}, {"model": "accounts.lga", "pk": 416, "fields": {"name": "Orlu", "state": 21}}, {"model": "accounts.lga", "pk": 417, "fields": {"name": "Orsu", "state": 21}}, {"model": "accounts.lga", "pk": 418, "fields": {"name": "Oru East", "state": 21}}, {"model": "accounts.lga", "pk": 419, "fields": {"name": "Oru West", "state": 21}}, {"model": "accounts.lga", "pk": 420, "fields": {"name": "Owerri Municipal", "state": 21}}, {"model": "accounts.lga", "pk": 421, "fields": {"name": "Owerri North", "state": 21}}, {"model": "accounts.lga", "pk": 422, "fields": {"name": "Unuimo", "state": 21}}, {"model": "accounts.lga", "pk": 423, "fields": {"name": "Owerri West", "state": 21}}, {"model": "accounts.lga", "pk": 424, "fields": {"name": "Birnin Gwari", "state": 22}}, {"model": "accounts.lga", "pk": 425, "fields": {"name": "Chikun", "state": 22}}, {"model": "accounts.lga", "pk": 426, "fields": {"name": "Giwa", "state": 22}}, {"model": "accounts.lga", "pk": 427, "fields": {"name": "Ikara", "state": 22}}, {"model": "accounts.lga", "pk": 428, "fields": {"name": "Igabi", "state": 22}}, {"model": "accounts.lga", "pk": 429, "fields": {"name": "Jaba", "state": 22}}, {"model": "accounts.lga", "pk": 430, "fields": {"name": "Jema'a", "state": 22}}, {"model": "accounts.lga", "pk": 431, "fields": {"name": "Kachia", "state": 22}}, {"model": "accounts.lga", "pk": 432, "fields": {"name": "Kaduna North", "state": 22}}, {"model": "accounts.lga", "pk": 433, "fields": {"name": "Kaduna South", "state": 22}}, {"model": "accounts.lga", "pk": 434, "fields": {"name": "Kagarko", "state": 22}}, {"model": "accounts.lga", "pk": 435, "fields": {"name": "Kajuru", "state": 22}}, {"model": "accounts.lga", "pk": 436, "fields": {"name": "Kaura", "state": 22}}, {"model": "accounts.lga", "pk": 437, "fields": {"name": "Kauru", "state": 22}}, {"model": "accounts.lga", "pk": 438, "fields": {"name": "Kubau", "state": 22}}, {"model": "accounts.lga", "pk": 439, "fields": {"name": "Kudan", "state": 22}}, {"model": "accounts.lga", "pk": 440, "fields": {"name": "Lere", "state": 22}}, {"model": "accounts.lga", "pk": 441, "fields": {"name": "Makarfi", "state": 22}}, {"model": "accounts.lga", "pk": 442, "fields": {"name": "Sabon Gari", "state": 22}}, {"model": "accounts.lga", "pk": 443, "fields": {"name": "Sanga", "state": 22}}, {"model": "accounts.lga", "pk": 444, "fields": {"name": "Soba", "state": 22}}, {"model": "accounts.lga", "pk": 445, "fields": {"name": "Zangon Kataf", "state": 22}}, {"model": "accounts.lga", "pk": 446, "fields": {"name": "Zaria", "state": 22}}, {"model": "accounts.lga", "pk": 447, "fields": {"name": "Aleiro", "state": 23}}, {"model": "accounts.lga", "pk": 448, "fields": {"name": "Argungu", "state": 23}}, {"model": "accounts.lga", "pk": 449, "fields": {"name": "Arewa Dandi", "state": 23}}, {"model": "accounts.lga", "pk": 450, "fields": {"name": "Augie", "state": 23}}, {"model": "accounts.lga", "pk": 451, "fields": {"name": "Bagudo", "state": 23}}, {"model": "accounts.lga", "pk": 452, "fields": {"name": "Birnin Kebbi", "state": 23}}, {"model": "accounts.lga", "pk": 453, "fields": {"name": "Bunza", "state": 23}}, {"model": "accounts.lga", "pk": 454, "fields": {"name": "Dandi", "state": 23}}, {"model": "accounts.lga", "pk": 455, "fields": {"name": "Fakai", "state": 23}}, {"model": "accounts.lga", "pk": 456, "fields": {"name": "Gwandu", "state": 23}}, {"model": "accounts.lga", "pk": 457, "fields": {"name": "Jega", "state": 23}}, {"model": "accounts.lga", "pk": 458, "fields": {"name": "Kalgo", "state": 23}}, {"model": "accounts.lga", "pk": 459, "fields": {"name": "Koko/Besse", "state": 23}}, {"model": "accounts.lga", "pk": 460, "fields": {"name": "Maiyama", "state": 23}}, {"model": "accounts.lga", "pk": 461, "fields": {"name": "Ngaski", "state": 23}}, {"model": "accounts.lga", "pk": 462, "fields": {"name": "Shanga", "state": 23}}, {"model": "accounts.lga", "pk": 463, "fields": {"name": "Suru", "state": 23}}, {"model": "accounts.lga", "pk": 464, "fields": {"name": "Sakaba", "state": 23}}, {"model": "accounts.lga", "pk": 465, "fields": {"name": "Wasagu/Danko", "state": 23}}, {"model": "accounts.lga", "pk": 466, "fields": {"name": "Yauri", "state": 23}}, {"model": "accounts.lga", "pk": 467, "fields": {"name": "Zuru", "state": 23}}, {"model": "accounts.lga", "pk": 468, "fields": {"name": "Ajingi", "state": 24}}, {"model": "accounts.lga", "pk": 469, "fields": {"name": "Albasu", "state": 24}}, {"model": "accounts.lga", "pk": 470, "fields": {"name": "Bagwai", "state": 24}}, {"model": "accounts.lga", "pk": 471, "fields": {"name": "Bebeji", "state": 24}}, {"model": "accounts.lga", "pk": 472, "fields": {"name": "Bichi", "state": 24}}, {"model": "accounts.lga", "pk": 473, "fields": {"name": "Bunkure", "state": 24}}, {"model": "accounts.lga", "pk": 474, "fields": {"name": "Dala", "state": 24}}, {"model": "accounts.lga", "pk": 475, "fields": {"name": "Dambatta", "state": 24}}, {"model": "accounts.lga", "pk": 476, "fields": {"name": "Dawakin Kudu", "state": 24}}, {"model": "accounts.lga", "pk": 477, "fields": {"name": "Dawakin Tofa", "state": 24}}, {"model": "accounts.lga", "pk": 478, "fields": {"name": "Doguwa", "state": 24}}, {"model": "accounts.lga", "pk": 479, "fields": {"name": "Fagge", "state": 24}}, {"model": "accounts.lga", "pk": 480, "fields": {"name": "Gabasawa", "state": 24}}, {"model": "accounts.lga", "pk": 481, "fields": {"name": "Garko", "state": 24}}, {"model": "accounts.lga", "pk": 482, "fields": {"name": "Garun Mallam", "state": 24}}, {"model": "accounts.lga", "pk": 483, "fields": {"name": "Gezawa", "state": 24}}, {"model": "accounts.lga", "pk": 484, "fields": {"name": "Gaya", "state": 24}}, {"model": "accounts.lga", "pk": 485, "fields": {"name": "Gwale", "state": 24}}, {"model": "accounts.lga", "pk": 486, "fields": {"name": "Gwarzo", "state": 24}}, {"model": "accounts.lga", "pk": 487, "fields": {"name": "Kabo", "state": 24}}, {"model": "accounts.lga", "pk": 488, "fields": {"name": "Kano Municipal", "state": 24}}, {"model": "accounts.lga", "pk": 489, "fields": {"name": "Karaye", "state": 24}}, {"model": "accounts.lga", "pk": 490, "fields": {"name": "Kibiya", "state": 24}}, {"model": "accounts.lga", "pk": 491, "fields": {"name": "Kiru", "state": 24}}, {"model": "accounts.lga", "pk": 492, "fields": {"name": "Kumbotso", "state": 24}}, {"model": "accounts.lga", "pk": 493, "fields": {"name": "Kunchi", "state": 24}}, {"model": "accounts.lga", "pk": 494, "fields": {"name": "Kura", "state": 24}}, {"model": "accounts.lga", "pk": 495, "fields": {"name": "Madobi", "state": 24}}, {"model": "accounts.lga", "pk": 496, "fields": {"name": "Makoda", "state": 24}}, {"model": "accounts.lga", "pk": 497, "fields": {"name": "Minjibir", "state": 24}}, {"model": "accounts.lga", "pk": 498, "fields": {"name": "Nasarawa", "state": 24}}, {"model": "accounts.lga", "pk": 499, "fields": {"name": "Rano", "state": 24}}, {"model": "accounts.lga", "pk": 500, "fields": {"name": "Rimin Gado", "state": 24}}, {"model": "accounts.lga", "pk": 501, "fields": {"name": "Rogo", "state": 24}}, {"model": "accounts.lga", "pk": 502, "fields": {"name": "Shanono", "state": 24}}, {"model": "accounts.lga", "pk": 503, "fields": {"name": "Takai", "state": 24}}, {"model": "accounts.lga", "pk": 504, "fields": {"name": "Sumaila", "state": 24}}, {"model": "accounts.lga", "pk": 505, "fields": {"name": "Tarauni", "state": 24}}, {"model": "accounts.lga", "pk": 506, "fields": {"name": "Tofa", "state": 24}}, {"model": "accounts.lga", "pk": 507, "fields": {"name": "Tsanyawa", "state": 24}}, {"model": "accounts.lga", "pk": 508, "fields": {"name": "Tudun Wada", "state": 24}}, {"model": "accounts.lga", "pk": 509, "fields": {"name": "Ungogo", "state": 24}}, {"model": "accounts.lga", "pk": 510, "fields": {"name": "Warawa", "state": 24}}, {"model": "accounts.lga", "pk": 511, "fields": {"name": "Wudil", "state": 24}}, {"model": "accounts.lga", "pk": 512, "fields": {"name": "Ajaokuta", "state": 25}}, {"model": "accounts.lga", "pk": 513, "fields": {"name": "Adavi", "state": 25}}, {"model": "accounts.lga", "pk": 514, "fields": {"name": "Ankpa", "state": 25}}, {"model": "accounts.lga", "pk": 515, "fields": {"name": "Bassa", "state": 25}}, {"model": "accounts.lga", "pk": 516, "fields": {"name": "Dekina", "state": 25}}, {"model": "accounts.lga", "pk": 517, "fields": {"name": "Ibaji", "state": 25}}, {"model": "accounts.lga", "pk": 518, "fields": {"name": "Idah", "state": 25}}, {"model": "accounts.lga", "pk": 519, "fields": {"name": "Igalamela Odolu", "state": 25}}, {"model": "accounts.lga", "pk": 520, "fields": {"name": "Ijumu", "state": 25}}, {"model": "accounts.lga", "pk": 521, "fields": {"name": "Kogi", "state": 25}}, {"model": "accounts.lga", "pk": 522, "fields": {"name": "Kabba/Bunu", "state": 25}}, {"model": "accounts.lga", "pk": 523, "fields": {"name": "Lokoja", "state": 25}}, {"model": "accounts.lga", "pk": 524, "fields": {"name": "Ofu", "state": 25}}, {"model": "accounts.lga", "pk": 525, "fields": {"name": "Mopa Muro", "state": 25}}, {"model": "accounts.lga", "pk": 526, "fields": {"name": "Ogori/Magongo", "state": 25}}, {"model": "accounts.lga", "pk": 527, "fields": {"name": "Okehi", "state": 25}}, {"model": "accounts.lga", "pk": 528, "fields": {"name": "Okene", "state": 25}}, {"model": "accounts.lga", "pk": 529, "fields": {"name": "Olamaboro", "state": 25}}, {"model": "accounts.lga", "pk": 530, "fields": {"name": "Omala", "state": 25}}, {"model": "accounts.lga", "pk": 531, "fields": {"name": "Yagba East", "state": 25}}, {"model": "accounts.lga", "pk": 532, "fields": {"name": "Yagba West", "state": 25}}, {"model": "accounts.lga", "pk": 533, "fields": {"name": "Aiyedire", "state": 26}}, {"model": "accounts.lga", "pk": 534, "fields": {"name": "Atakunmosa West", "state": 26}}, {"model": "accounts.lga", "pk": 535, "fields": {"name": "Atakunmosa East", "state": 26}}, {"model": "accounts.lga", "pk": 536, "fields": {"name": "Aiyedaade", "state": 26}}, {"model": "accounts.lga", "pk": 537, "fields": {"name": "Boluwaduro", "state": 26}}, {"model": "accounts.lga", "pk": 538, "fields": {"name": "Boripe", "state": 26}}, {"model": "accounts.lga", "pk": 539, "fields": {"name": "Ife East", "state": 26}}, {"model": "accounts.lga", "pk": 540, "fields": {"name": "Ede South", "state": 26}}, {"model": "accounts.lga", "pk": 541, "fields": {"name": "Ife North", "state": 26}}, {"model": "accounts.lga", "pk": 542, "fields": {"name": "Ede North", "state": 26}}, {"model": "accounts.lga", "pk": 543, "fields": {"name": "Ife South", "state": 26}}, {"model": "accounts.lga", "pk": 544, "fields": {"name": "Ejigbo", "state": 26}}, {"model": "accounts.lga", "pk": 545, "fields": {"name": "Ife Central", "state": 26}}, {"model": "accounts.lga", "pk": 546, "fields": {"name": "Ifedayo", "state": 26}}, {"model": "accounts.lga", "pk": 547, "fields": {"name": "Egbedore", "state": 26}}, {"model": "accounts.lga", "pk": 548, "fields": {"name": "Ila", "state": 26}}, {"model": "accounts.lga", "pk": 549, "fields": {"name": "Ifelodun", "state": 26}}, {"model": "accounts.lga", "pk": 550, "fields": {"name": "Ilesa East", "state": 26}}, {"model": "accounts.lga", "pk": 551, "fields": {"name": "Ilesa West", "state": 26}}, {"model": "accounts.lga", "pk": 552, "fields": {"name": "Irepodun", "state": 26}}, {"model": "accounts.lga", "pk": 553, "fields": {"name": "Irewole", "state": 26}}, {"model": "accounts.lga", "pk": 554, "fields": {"name": "Isokan", "state": 26}}, {"model": "accounts.lga", "pk": 555, "fields": {"name": "Iwo", "state": 26}}, {"model": "accounts.lga", "pk": 556, "fields": {"name": "Obokun", "state": 26}}, {"model": "accounts.lga", "pk": 557, "fields": {"name": "Odo Otin", "state": 26}}, {"model": "accounts.lga", "pk": 558, "fields": {"name": "Ola Oluwa", "state": 26}}, {"model": "accounts.lga", "pk": 559, "fields": {"name": "Olorunda", "state": 26}}, {"model": "accounts.lga", "pk": 560, "fields": {"name": "Oriade", "state": 26}}, {"model": "accounts.lga", "pk": 561, "fields": {"name": "Orolu", "state": 26}}, {"model": "accounts.lga", "pk": 562, "fields": {"name": "Osogbo", "state": 26}}, {"model": "accounts.lga", "pk": 563, "fields": {"name": "Gudu", "state": 27}}, {"model": "accounts.lga", "pk": 564, "fields": {"name": "Gwadabawa", "state": 27}}, {"model": "accounts.lga", "pk": 565, "fields": {"name": "Illela", "state": 27}}, {"model": "accounts.lga", "pk": 566, "fields": {"name": "Isa", "state": 27}}, {"model": "accounts.lga", "pk": 567, "fields": {"name": "Kebbe", "state": 27}}, {"model": "accounts.lga", "pk": 568, "fields": {"name": "Kware", "state": 27}}, {"model": "accounts.lga", "pk": 569, "fields": {"name": "Rabah", "state": 27}}, {"model": "accounts.lga", "pk": 570, "fields": {"name": "Sabon Birni", "state": 27}}, {"model": "accounts.lga", "pk": 571, "fields": {"name": "Shagari", "state": 27}}, {"model": "accounts.lga", "pk": 572, "fields": {"name": "Silame", "state": 27}}, {"model": "accounts.lga", "pk": 573, "fields": {"name": "Sokoto North", "state": 27}}, {"model": "accounts.lga", "pk": 574, "fields": {"name": "Sokoto South", "state": 27}}, {"model": "accounts.lga", "pk": 575, "fields": {"name": "Tambuwal", "state": 27}}, {"model": "accounts.lga", "pk": 576, "fields": {"name": "Tangaza", "state": 27}}, {"model": "accounts.lga", "pk": 577, "fields": {"name": "Tureta", "state": 27}}, {"model": "accounts.lga", "pk": 578, "fields": {"name": "Wamako", "state": 27}}, {"model": "accounts.lga", "pk": 579, "fields": {"name": "Wurno", "state": 27}}, {"model": "accounts.lga", "pk": 580, "fields": {"name": "Yabo", "state": 27}}, {"model": "accounts.lga", "pk": 581, "fields": {"name": "Binji", "state": 27}}, {"model": "accounts.lga", "pk": 582, "fields": {"name": "Bodinga", "state": 27}}, {"model": "accounts.lga", "pk": 583, "fields": {"name": "Dange Shuni", "state": 27}}, {"model": "accounts.lga", "pk": 584, "fields": {"name": "Goronyo", "state": 27}}, {"model": "accounts.lga", "pk": 585, "fields": {"name": "Gada", "state": 27}}, {"model": "accounts.lga", "pk": 586, "fields": {"name": "Bokkos", "state": 28}}, {"model": "accounts.lga", "pk": 587, "fields": {"name": "Barkin Ladi", "state": 28}}, {"model": "accounts.lga", "pk": 588, "fields": {"name": "Bassa", "state": 28}}, {"model": "accounts.lga", "pk": 589, "fields": {"name": "Jos East", "state": 28}}, {"model": "accounts.lga", "pk": 590, "fields": {"name": "Jos North", "state": 28}}, {"model": "accounts.lga", "pk": 591, "fields": {"name": "Jos South", "state": 28}}, {"model": "accounts.lga", "pk": 592, "fields": {"name": "Kanam", "state": 28}}, {"model": "accounts.lga", "pk": 593, "fields": {"name": "Kanke", "state": 28}}, {"model": "accounts.lga", "pk": 594, "fields": {"name": "Langtang South", "state": 28}}, {"model": "accounts.lga", "pk": 595, "fields": {"name": "Langtang North", "state": 28}}, {"model": "accounts.lga", "pk": 596, "fields": {"name": "Mangu", "state": 28}}, {"model": "accounts.lga", "pk": 597, "fields": {"name": "Mikang", "state": 28}}, {"model": "accounts.lga", "pk": 598, "fields": {"name": "Pankshin", "state": 28}}, {"model": "accounts.lga", "pk": 599, "fields": {"name": "Qua'an Pan", "state": 28}}, {"model": "accounts.lga", "pk": 600, "fields": {"name": "Riyom", "state": 28}}, {"model": "accounts.lga", "pk": 601, "fields": {"name": "Shendam", "state": 28}}, {"model": "accounts.lga", "pk": 602, "fields": {"name": "Wase", "state": 28}}, {"model": "accounts.lga", "pk": 603, "fields": {"name": "Ardo Kola", "state": 29}}, {"model": "accounts.lga", "pk": 604, "fields": {"name": "Bali", "state": 29}}, {"model": "accounts.lga", "pk": 605, "fields": {"name": "Donga", "state": 29}}, {"model": "accounts.lga", "pk": 606, "fields": {"name": "Gashaka", "state": 29}}, {"model": "accounts.lga", "pk": 607, "fields": {"name": "Gassol", "state": 29}}, {"model": "accounts.lga", "pk": 608, "fields": {"name": "Ibi", "state": 29}}, {"model": "accounts.lga", "pk": 609, "fields": {"name": "Jalingo", "state": 29}}, {"model": "accounts.lga", "pk": 610, "fields": {"name": "Karim Lamido", "state": 29}}, {"model": "accounts.lga", "pk": 611, "fields": {"name": "Kumi", "state": 29}}, {"model": "accounts.lga", "pk": 612, "fields": {"name": "Lau", "state": 29}}, {"model": "accounts.lga", "pk": 613, "fields": {"name": "Sardauna", "state": 29}}, {"model": "accounts.lga", "pk": 614, "fields": {"name": "Takum", "state": 29}}, {"model": "accounts.lga", "pk": 615, "fields": {"name": "Ussa", "state": 29}}, {"model": "accounts.lga", "pk": 616, "fields": {"name": "Wukari", "state": 29}}, {"model": "accounts.lga", "pk": 617, "fields": {"name": "Yorro", "state": 29}}, {"model": "accounts.lga", "pk": 618, "fields": {"name": "Zing", "state": 29}}, {"model": "accounts.lga", "pk": 619, "fields": {"name": "Bade", "state": 30}}, {"model": "accounts.lga", "pk": 620, "fields": {"name": "Bursari", "state": 30}}, {"model": "accounts.lga", "pk": 621, "fields": {"name": "Damaturu", "state": 30}}, {"model": "accounts.lga", "pk": 622, "fields": {"name": "Fika", "state": 30}}, {"model": "accounts.lga", "pk": 623, "fields": {"name": "Fune", "state": 30}}, {"model": "accounts.lga", "pk": 624, "fields": {"name": "Geidam", "state": 30}}, {"model": "accounts.lga", "pk": 625, "fields": {"name": "Gujba", "state": 30}}, {"model": "accounts.lga", "pk": 626, "fields": {"name": "Gulani", "state": 30}}, {"model": "accounts.lga", "pk": 627, "fields": {"name": "Jakusko", "state": 30}}, {"model": "accounts.lga", "pk": 628, "fields": {"name": "Karasuwa", "state": 30}}, {"model": "accounts.lga", "pk": 629, "fields": {"name": "Machina", "state": 30}}, {"model": "accounts.lga", "pk": 630, "fields": {"name": "Nangere", "state": 30}}, {"model": "accounts.lga", "pk": 631, "fields": {"name": "Nguru", "state": 30}}, {"model": "accounts.lga", "pk": 632, "fields": {"name": "Potiskum", "state": 30}}, {"model": "accounts.lga", "pk": 633, "fields": {"name": "Tarmuwa", "state": 30}}, {"model": "accounts.lga", "pk": 634, "fields": {"name": "Yunusari", "state": 30}}, {"model": "accounts.lga", "pk": 635, "fields": {"name": "Yusufari", "state": 30}}, {"model": "accounts.lga", "pk": 636, "fields": {"name": "Anka", "state": 31}}, {"model": "accounts.lga", "pk": 637, "fields": {"name": "Birnin Magaji/Kiyaw", "state": 31}}, {"model": "accounts.lga", "pk": 638, "fields": {"name": "Bakura", "state": 31}}, {"model": "accounts.lga", "pk": 639, "fields": {"name": "Bukkuyum", "state": 31}}, {"model": "accounts.lga", "pk": 640, "fields": {"name": "Bungudu", "state": 31}}, {"model": "accounts.lga", "pk": 641, "fields": {"name": "Gummi", "state": 31}}, {"model": "accounts.lga", "pk": 642, "fields": {"name": "Gusau", "state": 31}}, {"model": "accounts.lga", "pk": 643, "fields": {"name": "Kaura Namoda", "state": 31}}, {"model": "accounts.lga", "pk": 644, "fields": {"name": "Maradun", "state": 31}}, {"model": "accounts.lga", "pk": 645, "fields": {"name": "Shinkafi", "state": 31}}, {"model": "accounts.lga", "pk": 646, "fields": {"name": "Maru", "state": 31}}, {"model": "accounts.lga", "pk": 647, "fields": {"name": "Talata Mafara", "state": 31}}, {"model": "accounts.lga", "pk": 648, "fields": {"name": "Tsafe", "state": 31}}, {"model": "accounts.lga", "pk": 649, "fields": {"name": "Zurmi", "state": 31}}, {"model": "accounts.lga", "pk": 650, "fields": {"name": "Agege", "state": 32}}, {"model": "accounts.lga", "pk": 651, "fields": {"name": "Ajeromi-Ifelodun", "state": 32}}, {"model": "accounts.lga", "pk": 652, "fields": {"name": "Alimosho", "state": 32}}, {"model": "accounts.lga", "pk": 653, "fields": {"name": "Amuwo-Odofin", "state": 32}}, {"model": "accounts.lga", "pk": 654, "fields": {"name": "Badagry", "state": 32}}, {"model": "accounts.lga", "pk": 655, "fields": {"name": "Apapa", "state": 32}}, {"model": "accounts.lga", "pk": 656, "fields": {"name": "Epe", "state": 32}}, {"model": "accounts.lga", "pk": 657, "fields": {"name": "Eti Osa", "state": 32}}, {"model": "accounts.lga", "pk": 658, "fields": {"name": "Ibeju-Lekki", "state": 32}}, {"model": "accounts.lga", "pk": 659, "fields": {"name": "Ifako-Ijaiye", "state": 32}}, {"model": "accounts.lga", "pk": 660, "fields": {"name": "Ikeja", "state": 32}}, {"model": "accounts.lga", "pk": 661, "fields": {"name": "Ikorodu", "state": 32}}, {"model": "accounts.lga", "pk": 662, "fields": {"name": "Kosofe", "state": 32}}, {"model": "accounts.lga", "pk": 663, "fields": {"name": "Lagos Island", "state": 32}}, {"model": "accounts.lga", "pk": 664, "fields": {"name": "Mushin", "state": 32}}, {"model": "accounts.lga", "pk": 665, "fields": {"name": "Lagos Mainland", "state": 32}}, {"model": "accounts.lga", "pk": 666, "fields": {"name": "Ojo", "state": 32}}, {"model": "accounts.lga", "pk": 667, "fields": {"name": "Oshodi-Isolo", "state": 32}}, {"model": "accounts.lga", "pk": 668, "fields": {"name": "Shomolu", "state": 32}}, {"model": "accounts.lga", "pk": 669, "fields": {"name": "Surulere Lagos State", "state": 32}}, {"model": "accounts.lga", "pk": 670, "fields": {"name": "Bakori", "state": 33}}, {"model": "accounts.lga", "pk": 671, "fields": {"name": "Batagarawa", "state": 33}}, {"model": "accounts.lga", "pk": 672, "fields": {"name": "Batsari", "state": 33}}, {"model": "accounts.lga", "pk": 673, "fields": {"name": "Baure", "state": 33}}, {"model": "accounts.lga", "pk": 674, "fields": {"name": "Bindawa", "state": 33}}, {"model": "accounts.lga", "pk": 675, "fields": {"name": "Charanchi", "state": 33}}, {"model": "accounts.lga", "pk": 676, "fields": {"name": "Danja", "state": 33}}, {"model": "accounts.lga", "pk": 677, "fields": {"name": "Dandume", "state": 33}}, {"model": "accounts.lga", "pk": 678, "fields": {"name": "Dan Musa", "state": 33}}, {"model": "accounts.lga", "pk": 679, "fields": {"name": "Daura", "state": 33}}, {"model": "accounts.lga", "pk": 680, "fields": {"name": "Dutsi", "state": 33}}, {"model": "accounts.lga", "pk": 681, "fields": {"name": "Dutsin Ma", "state": 33}}, {"model": "accounts.lga", "pk": 682, "fields": {"name": "Faskari", "state": 33}}, {"model": "accounts.lga", "pk": 683, "fields": {"name": "Funtua", "state": 33}}, {"model": "accounts.lga", "pk": 684, "fields": {"name": "Ingawa", "state": 33}}, {"model": "accounts.lga", "pk": 685, "fields": {"name": "Jibia", "state": 33}}, {"model": "accounts.lga", "pk": 686, "fields": {"name": "Kafur", "state": 33}}, {"model": "accounts.lga", "pk": 687, "fields": {"name": "Kaita", "state": 33}}, {"model": "accounts.lga", "pk": 688, "fields": {"name": "Kankara", "state": 33}}, {"model": "accounts.lga", "pk": 689, "fields": {"name": "Kankia", "state": 33}}, {"model": "accounts.lga", "pk": 690, "fields": {"name": "Katsina", "state": 33}}, {"model": "accounts.lga", "pk": 691, "fields": {"name": "Kurfi", "state": 33}}, {"model": "accounts.lga", "pk": 692, "fields": {"name": "Kusada", "state": 33}}, {"model": "accounts.lga", "pk": 693, "fields": {"name": "Mai'Adua", "state": 33}}, {"model": "accounts.lga", "pk": 694, "fields": {"name": "Malumfashi", "state": 33}}, {"model": "accounts.lga", "pk": 695, "fields": {"name": "Mani", "state": 33}}, {"model": "accounts.lga", "pk": 696, "fields": {"name": "Mashi", "state": 33}}, {"model": "accounts.lga", "pk": 697, "fields": {"name": "Matazu", "state": 33}}, {"model": "accounts.lga", "pk": 698, "fields": {"name": "Musawa", "state": 33}}, {"model": "accounts.lga", "pk": 699, "fields": {"name": "Rimi", "state": 33}}, {"model": "accounts.lga", "pk": 700, "fields": {"name": "Sabuwa", "state": 33}}, {"model": "accounts.lga", "pk": 701, "fields": {"name": "Safana", "state": 33}}, {"model": "accounts.lga", "pk": 702, "fields": {"name": "Sandamu", "state": 33}}, {"model": "accounts.lga", "pk": 703, "fields": {"name": "Zango", "state": 33}}, {"model": "accounts.lga", "pk": 704, "fields": {"name": "Asa", "state": 34}}, {"model": "accounts.lga", "pk": 705, "fields": {"name": "Baruten", "state": 34}}, {"model": "accounts.lga", "pk": 706, "fields": {"name": "Edu", "state": 34}}, {"model": "accounts.lga", "pk": 707, "fields": {"name": "Ilorin East", "state": 34}}, {"model": "accounts.lga", "pk": 708, "fields": {"name": "Ifelodun", "state": 34}}, {"model": "accounts.lga", "pk": 709, "fields": {"name": "Ilorin South", "state": 34}}, {"model": "accounts.lga", "pk": 710, "fields": {"name": "Ekiti Kwara State", "state": 34}}, {"model": "accounts.lga", "pk": 711, "fields": {"name": "Ilorin West", "state": 34}}, {"model": "accounts.lga", "pk": 712, "fields": {"name": "Irepodun", "state": 34}}, {"model": "accounts.lga", "pk": 713, "fields": {"name": "Isin", "state": 34}}, {"model": "accounts.lga", "pk": 714, "fields": {"name": "Kaiama", "state": 34}}, {"model": "accounts.lga", "pk": 715, "fields": {"name": "Moro", "state": 34}}, {"model": "accounts.lga", "pk": 716, "fields": {"name": "Offa", "state": 34}}, {"model": "accounts.lga", "pk": 717, "fields": {"name": "Oke Ero", "state": 34}}, {"model": "accounts.lga", "pk": 718, "fields": {"name": "Oyun", "state": 34}}, {"model": "accounts.lga", "pk": 719, "fields": {"name": "Pategi", "state": 34}}, {"model": "accounts.lga", "pk": 720, "fields": {"name": "Akwanga", "state": 35}}, {"model": "accounts.lga", "pk": 721, "fields": {"name": "Awe", "state": 35}}, {"model": "accounts.lga", "pk": 722, "fields": {"name": "Doma", "state": 35}}, {"model": "accounts.lga", "pk": 723, "fields": {"name": "Karu", "state": 35}}, {"model": "accounts.lga", "pk": 724, "fields": {"name": "Keana", "state": 35}}, {"model": "accounts.lga", "pk": 725, "fields": {"name": "Keffi", "state": 35}}, {"model": "accounts.lga", "pk": 726, "fields": {"name": "Lafia", "state": 35}}, {"model": "accounts.lga", "pk": 727, "fields": {"name": "Kokona", "state": 35}}, {"model": "accounts.lga", "pk": 728, "fields": {"name": "Nasarawa Egon", "state": 35}}, {"model": "accounts.lga", "pk": 729, "fields": {"name": "Nasarawa", "state": 35}}, {"model": "accounts.lga", "pk": 730, "fields": {"name": "Obi", "state": 35}}, {"model": "accounts.lga", "pk": 731, "fields": {"name": "Toto", "state": 35}}, {"model": "accounts.lga", "pk": 732, "fields": {"name": "Wamba", "state": 35}}, {"model": "accounts.lga", "pk": 733, "fields": {"name": "Agaie", "state": 36}}, {"model": "accounts.lga", "pk": 734, "fields": {"name": "Agwara", "state": 36}}, {"model": "accounts.lga", "pk": 735, "fields": {"name": "Bida", "state": 36}}, {"model": "accounts.lga", "pk": 736, "fields": {"name": "Borgu", "state": 36}}, {"model": "accounts.lga", "pk": 737, "fields": {"name": "Bosso", "state": 36}}, {"model": "accounts.lga", "pk": 738, "fields": {"name": "Chanchaga", "state": 36}}, {"model": "accounts.lga", "pk": 739, "fields": {"name": "Edati", "state": 36}}, {"model": "accounts.lga", "pk": 740, "fields": {"name": "Gbako", "state": 36}}, {"model": "accounts.lga", "pk": 741, "fields": {"name": "Gurara", "state": 36}}, {"model": "accounts.lga", "pk": 742, "fields": {"name": "Katcha", "state": 36}}, {"model": "accounts.lga", "pk": 743, "fields": {"name": "Kontagora", "state": 36}}, {"model": "accounts.lga", "pk": 744, "fields": {"name": "Lapai", "state": 36}}, {"model": "accounts.lga", "pk": 745, "fields": {"name": "Lavun", "state": 36}}, {"model": "accounts.lga", "pk": 746, "fields": {"name": "Mariga", "state": 36}}, {"model": "accounts.lga", "pk": 747, "fields": {"name": "Magama", "state": 36}}, {"model": "accounts.lga", "pk": 748, "fields": {"name": "Mokwa", "state": 36}}, {"model": "accounts.lga", "pk": 749, "fields": {"name": "Mashegu", "state": 36}}, {"model": "accounts.lga", "pk": 750, "fields": {"name": "Moya", "state": 36}}, {"model": "accounts.lga", "pk": 751, "fields": {"name": "Paikoro", "state": 36}}, {"model": "accounts.lga", "pk": 752, "fields": {"name": "Rafi", "state": 36}}, {"model": "accounts.lga", "pk": 753, "fields": {"name": "Rijau", "state": 36}}, {"model": "accounts.lga", "pk": 754, "fields": {"name": "Shiroro", "state": 36}}, {"model": "accounts.lga", "pk": 755, "fields": {"name": "Suleja", "state": 36}}, {"model": "accounts.lga", "pk": 756, "fields": {"name": "Tafa", "state": 36}}, {"model": "accounts.lga", "pk": 757, "fields": {"name": "Wushishi", "state": 36}}, {"model": "accounts.lga", "pk": 758, "fields": {"name": "Aba North", "state": 37}}, {"model": "accounts.lga", "pk": 759, "fields": {"name": "Arochukwu", "state": 37}}, {"model": "accounts.lga", "pk": 760, "fields": {"name": "Aba South", "state": 37}}, {"model": "accounts.lga", "pk": 761, "fields": {"name": "Bende", "state": 37}}, {"model": "accounts.lga", "pk": 762, "fields": {"name": "Isiala Ngwa North", "state": 37}}, {"model": "accounts.lga", "pk": 763, "fields": {"name": "Ikwuano", "state": 37}}, {"model": "accounts.lga", "pk": 764, "fields": {"name": "Isiala Ngwa South", "state": 37}}, {"model": "accounts.lga", "pk": 765, "fields": {"name": "Isuikwuato", "state": 37}}, {"model": "accounts.lga", "pk": 766, "fields": {"name": "Obi Ngwa", "state": 37}}, {"model": "accounts.lga", "pk": 767, "fields": {"name": "Ohafia", "state": 37}}, {"model": "accounts.lga", "pk": 768, "fields": {"name": "Osisioma", "state": 37}}, {"model": "accounts.lga", "pk": 769, "fields": {"name": "Ugwunagbo", "state": 37}}, {"model": "accounts.lga", "pk": 770, "fields": {"name": "Ukwa East", "state": 37}}, {"model": "accounts.lga", "pk": 771, "fields": {"name": "Ukwa West", "state": 37}}, {"model": "accounts.lga", "pk": 772, "fields": {"name": "Umuahia North", "state": 37}}, {"model": "accounts.lga", "pk": 773, "fields": {"name": "Umuahia South", "state": 37}}, {"model": "accounts.lga", "pk": 774, "fields": {"name": "Umu Nneochi", "state": 37}}, {"model": "accounts.college", "pk": 144, "fields": {"name": "Abia State University, Uturu"}}, {"model": "accounts.college", "pk": 145, "fields": {"name": "Abubakar Tafawa Balewa University, Bauchi"}}, {"model": "accounts.college", "pk": 146, "fields": {"name": "Achievers University, Owo"}}, {"model": "accounts.college", "pk": 147, "fields": {"name": "Adamawa State University, Mubi"}}, {"model": "accounts.college", "pk": 148, "fields": {"name": "Adekunle Ajasin University, Akungba"}}, {"model": "accounts.college", "pk": 149, "fields": {"name": "Adeleke University, Ede"}}, {"model": "accounts.college", "pk": 150, "fields": {"name": "Afe Babalola University, Ado-Ekiti - Ekiti State"}}, {"model": "accounts.college", "pk": 151, "fields": {"name": "African University of Science & Technology, Abuja"}}, {"model": "accounts.college", "pk": 152, "fields": {"name": "Ahmadu Bello University, Zaria"}}, {"model": "accounts.college", "pk": 153, "fields": {"name": "Ajayi Crowther University, Ibadan"}}, {"model": "accounts.college", "pk": 154, "fields": {"name": "Akwa Ibom State University, Ikot Akpaden"}}, {"model": "accounts.college", "pk": 155, "fields": {"name": "Al-Hikmah University, Ilorin"}}, {"model": "accounts.college", "pk": 156, "fields": {"name": "Al-Qalam University, Katsina"}}, {"model": "accounts.college", "pk": 157, "fields": {"name": "Ambrose Alli University, Ekpoma"}}, {"model": "accounts.college", "pk": 158, "fields": {"name": "American University of Nigeria, Yola"}}, {"model": "accounts.college", "pk": 159, "fields": {"name": "Anchor University Ayobo, Lagos State"}}, {"model": "accounts.college", "pk": 160, "fields": {"name": "Arthur Javis University Akpoyubo, Cross River State"}}, {"model": "accounts.college", "pk": 161, "fields": {"name": "Atiba University, Oyo"}}, {"model": "accounts.college", "pk": 162, "fields": {"name": "Augustine University"}}, {"model": "accounts.college", "pk": 163, "fields": {"name": "Babcock University, Ilishan-Remo"}}, {"model": "accounts.college", "pk": 164, "fields": {"name": "Bauchi State University, Gadau"}}, {"model": "accounts.college", "pk": 165, "fields": {"name": "Bayero University, Kano"}}, {"model": "accounts.college", "pk": 166, "fields": {"name": "Baze University"}}, {"model": "accounts.college", "pk": 167, "fields": {"name": "Bells University of Technology, Otta"}}, {"model": "accounts.college", "pk": 168, "fields": {"name": "Benue State University, Makurdi"}}, {"model": "accounts.college", "pk": 169, "fields": {"name": "Benson Idahosa University, Benin City"}}, {"model": "accounts.college", "pk": 170, "fields": {"name": "Bingham University, New Karu"}}, {"model": "accounts.college", "pk": 171, "fields": {"name": "Bowen University, Iwo"}}, {"model": "accounts.college", "pk": 172, "fields": {"name": "Caleb University, Lagos"}}, {"model": "accounts.college", "pk": 173, "fields": {"name": "Caritas University, Enugu"}}, {"model": "accounts.college", "pk": 174, "fields": {"name": "Chrisland University"}}, {"model": "accounts.college", "pk": 175, "fields": {"name": "Christopher University, Mowe"}}, {"model": "accounts.college", "pk": 176, "fields": {"name": "Chukwuemeka Odumegwu Ojukwu University, Uli"}}, {"model": "accounts.college", "pk": 177, "fields": {"name": "Covenant University, Ota"}}, {"model": "accounts.college", "pk": 178, "fields": {"name": "Crawford University, Igbesa"}}, {"model": "accounts.college", "pk": 179, "fields": {"name": "Crescent University"}}, {"model": "accounts.college", "pk": 180, "fields": {"name": "Cross River State University of Science & Technology, Calabar"}}, {"model": "accounts.college", "pk": 181, "fields": {"name": "Delta State University, Abraka"}}, {"model": "accounts.college", "pk": 182, "fields": {"name": "Dominican University, Ibadan Oyo State"}}, {"model": "accounts.college", "pk": 183, "fields": {"name": "Eastern Palm University, Ogboko, Imo State"}}, {"model": "accounts.college", "pk": 184, "fields": {"name": "Edo University, Iyamo"}}, {"model": "accounts.college", "pk": 185, "fields": {"name": "Ekiti State University"}}, {"model": "accounts.college", "pk": 186, "fields": {"name": "Elizade University, Ilara-Mokin"}}, {"model": "accounts.college", "pk": 187, "fields": {"name": "Eko University of Medical and Health Sciences, Ijanikin, Lagos"}}, {"model": "accounts.college", "pk": 188, "fields": {"name": "Enugu State University of Science and Technology, Enugu"}}, {"model": "accounts.college", "pk": 189, "fields": {"name": "Evangel University, Akaeze"}}, {"model": "accounts.college", "pk": 190, "fields": {"name": "Federal University Gashua, Yobe"}}, {"model": "accounts.college", "pk": 191, "fields": {"name": "Federal University of Agriculture, Abeokuta"}}, {"model": "accounts.college", "pk": 192, "fields": {"name": "Federal University of Petroleum Resources, Effurun"}}, {"model": "accounts.college", "pk": 193, "fields": {"name": "Federal University of Technology, Akure"}}, {"model": "accounts.college", "pk": 194, "fields": {"name": "Federal University of Technology, Minna"}}, {"model": "accounts.college", "pk": 195, "fields": {"name": "Federal University of Technology, Owerri"}}, {"model": "accounts.college", "pk": 196, "fields": {"name": "Federal University, Birnin Kebbi"}}, {"model": "accounts.college", "pk": 197, "fields": {"name": "Federal University, Dutse, Jigawa State"}}, {"model": "accounts.college", "pk": 198, "fields": {"name": "Federal University, Dutsin-Ma, Katsina"}}, {"model": "accounts.college", "pk": 199, "fields": {"name": "Federal University, Gusau Zamfara"}}, {"model": "accounts.college", "pk": 200, "fields": {"name": "Federal University, Kashere, Gombe State"}}, {"model": "accounts.college", "pk": 201, "fields": {"name": "Federal University, Lafia, Nasarawa State"}}, {"model": "accounts.college", "pk": 202, "fields": {"name": "Federal University, Lokoja, Kogi State"}}, {"model": "accounts.college", "pk": 203, "fields": {"name": "Federal University, Otuoke, Bayelsa"}}, {"model": "accounts.college", "pk": 204, "fields": {"name": "Federal University, Oye-Ekiti, Ekiti State"}}, {"model": "accounts.college", "pk": 205, "fields": {"name": "Federal University, Wukari, Taraba State"}}, {"model": "accounts.college", "pk": 206, "fields": {"name": "Fountain University, Oshogbo"}}, {"model": "accounts.college", "pk": 207, "fields": {"name": "Godfrey Okoye University, Ugwuomu-Nike - Enugu State"}}, {"model": "accounts.college", "pk": 208, "fields": {"name": "Gombe State University, Gombe"}}, {"model": "accounts.college", "pk": 209, "fields": {"name": "Gregory University, Uturu"}}, {"model": "accounts.college", "pk": 210, "fields": {"name": "Hallmark University, Ijebu-Itele, Ogun"}}, {"model": "accounts.college", "pk": 211, "fields": {"name": "Hezekiah University, Umudi"}}, {"model": "accounts.college", "pk": 212, "fields": {"name": "Ibrahim Badamasi Babangida University, Lapai"}}, {"model": "accounts.college", "pk": 213, "fields": {"name": "Igbinedion University, Okada"}}, {"model": "accounts.college", "pk": 214, "fields": {"name": "Ignatius Ajuru University of Education, Rumuolumeni"}}, {"model": "accounts.college", "pk": 215, "fields": {"name": "Imo State University, Owerri"}}, {"model": "accounts.college", "pk": 216, "fields": {"name": "Joseph Ayo Babalola University, Ikeji-Arakeji"}}, {"model": "accounts.college", "pk": 217, "fields": {"name": "Kaduna State University, Kaduna"}}, {"model": "accounts.college", "pk": 218, "fields": {"name": "Kano University of Science & Technology, Wudil"}}, {"model": "accounts.college", "pk": 219, "fields": {"name": "Kebbi State University of Science and Technology, Aliero"}}, {"model": "accounts.college", "pk": 220, "fields": {"name": "Kings University, Ode Omu"}}, {"model": "accounts.college", "pk": 221, "fields": {"name": "Kogi State University, Anyigba"}}, {"model": "accounts.college", "pk": 222, "fields": {"name": "Kwara State University, Ilorin"}}, {"model": "accounts.college", "pk": 223, "fields": {"name": "Ladoke Akintola University of Technology, Ogbomoso"}}, {"model": "accounts.college", "pk": 224, "fields": {"name": "Lagos State University, Ojo"}}, {"model": "accounts.college", "pk": 225, "fields": {"name": "Landmark University, Omu-Aran"}}, {"model": "accounts.college", "pk": 226, "fields": {"name": "Lead City University, Ibadan"}}, {"model": "accounts.college", "pk": 227, "fields": {"name": "Madonna University, Okija"}}, {"model": "accounts.college", "pk": 228, "fields": {"name": "Mcpherson University, Seriki Sotayo, Ajebo"}}, {"model": "accounts.college", "pk": 229, "fields": {"name": "Michael Okpara University of Agricultural, Umudike"}}, {"model": "accounts.college", "pk": 230, "fields": {"name": "Modibbo Adama University of Technology, Yola"}}, {"model": "accounts.college", "pk": 231, "fields": {"name": "Mountain Top University"}}, {"model": "accounts.college", "pk": 232, "fields": {"name": "Nasarawa State University, Keffi"}}, {"model": "accounts.college", "pk": 233, "fields": {"name": "Niger Delta University, Yenagoa"}}, {"model": "accounts.college", "pk": 234, "fields": {"name": "Nigerian Defence Academy, Kaduna"}}, {"model": "accounts.college", "pk": 235, "fields": {"name": "Nigerian Police Academy, Wudil"}}, {"model": "accounts.college", "pk": 236, "fields": {"name": "Nile University of Nigeria, Abuja"}}, {"model": "accounts.college", "pk": 237, "fields": {"name": "Nnamdi Azikiwe University, Awka"}}, {"model": "accounts.college", "pk": 238, "fields": {"name": "Novena University, Ogume"}}, {"model": "accounts.college", "pk": 239, "fields": {"name": "Obafemi Awolowo University, Ile-Ife"}}, {"model": "accounts.college", "pk": 240, "fields": {"name": "Obong University, Obong Ntak"}}, {"model": "accounts.college", "pk": 241, "fields": {"name": "Oduduwa University, Ipetumodu - Osun State"}}, {"model": "accounts.college", "pk": 242, "fields": {"name": "Olabisi Onabanjo University, Ago Iwoye"}}, {"model": "accounts.college", "pk": 243, "fields": {"name": "Ondo State University of Science and Technology, Okitipupa"}}, {"model": "accounts.college", "pk": 244, "fields": {"name": "Pan-Atlantic University, Lagos"}}, {"model": "accounts.college", "pk": 245, "fields": {"name": "Paul University, Awka - Anambra State"}}, {"model": "accounts.college", "pk": 246, "fields": {"name": "Plateau State University, Bokkos"}}, {"model": "accounts.college", "pk": 247, "fields": {"name": "Redeemers University, Ede"}}, {"model": "accounts.college", "pk": 248, "fields": {"name": "Renaissance University, Enugu"}}, {"model": "accounts.college", "pk": 249, "fields": {"name": "Rhema University, Obeama-Asa - Rivers State"}}, {"model": "accounts.college", "pk": 250, "fields": {"name": "Ritman University, Ikot-Ekpene, Akwa Ibom"}}, {"model": "accounts.college", "pk": 251, "fields": {"name": "Rivers State University"}}, {"model": "accounts.college", "pk": 252, "fields": {"name": "Salem University, Lokoja"}}, {"model": "accounts.college", "pk": 253, "fields": {"name": "Samuel Adegboyega University, Ogwa"}}, {"model": "accounts.college", "pk": 254, "fields": {"name": "Skyline University, Kano"}}, {"model": "accounts.college", "pk": 255, "fields": {"name": "Sokoto State University"}}, {"model": "accounts.college", "pk": 256, "fields": {"name": "Southwestern University, Oku Owa"}}, {"model": "accounts.college", "pk": 257, "fields": {"name": "Summit University"}}, {"model": "accounts.college", "pk": 258, "fields": {"name": "Tai Solarin University of Education, Ijebu Ode"}}, {"model": "accounts.college", "pk": 259, "fields": {"name": "Tansian University, Umunya"}}, {"model": "accounts.college", "pk": 260, "fields": {"name": "Taraba State University, Jalingo"}}, {"model": "accounts.college", "pk": 261, "fields": {"name": "The Technical University, Ibadan"}}, {"model": "accounts.college", "pk": 262, "fields": {"name": "Umaru Musa Yar' Adua University, Katsina"}}, {"model": "accounts.college", "pk": 263, "fields": {"name": "University of Abuja, Gwagwalada"}}, {"model": "accounts.college", "pk": 264, "fields": {"name": "University of Agriculture, Makurdi"}}, {"model": "accounts.college", "pk": 265, "fields": {"name": "University of Benin"}}, {"model": "accounts.college", "pk": 266, "fields": {"name": "University of Calabar"}}, {"model": "accounts.college", "pk": 267, "fields": {"name": "University of Ibadan"}}, {"model": "accounts.college", "pk": 268, "fields": {"name": "University of Ilorin"}}, {"model": "accounts.college", "pk": 269, "fields": {"name": "University of Jos"}}, {"model": "accounts.college", "pk": 270, "fields": {"name": "University of Lagos"}}, {"model": "accounts.college", "pk": 271, "fields": {"name": "University of Maiduguri"}}, {"model": "accounts.college", "pk": 272, "fields": {"name": "University of Medical Sciences, Ondo"}}, {"model": "accounts.college", "pk": 273, "fields": {"name": "University of Mkar, Mkar"}}, {"model": "accounts.college", "pk": 274, "fields": {"name": "University of Nigeria, Nsukka"}}, {"model": "accounts.college", "pk": 275, "fields": {"name": "University of Port-Harcourt"}}, {"model": "accounts.college", "pk": 276, "fields": {"name": "University of Uyo"}}, {"model": "accounts.college", "pk": 277, "fields": {"name": "Usmanu Danfodiyo University"}}, {"model": "accounts.college", "pk": 278, "fields": {"name": "Veritas University, Abuja"}}, {"model": "accounts.college", "pk": 279, "fields": {"name": "Wesley University of Science & Technology, Ondo"}}, {"model": "accounts.college", "pk": 280, "fields": {"name": "Western Delta University, Oghara Delta State"}}, {"model": "accounts.college", "pk": 281, "fields": {"name": "Yobe State University, Damaturu"}}, {"model": "accounts.college", "pk": 282, "fields": {"name": "Yusuf Maitama Sule University, Kano"}}, {"model": "accounts.college", "pk": 283, "fields": {"name": "Zamfara State University"}}, {"model": "accounts.gradyear", "pk": 1, "fields": {"year": "1960"}}, {"model": "accounts.gradyear", "pk": 2, "fields": {"year": "1961"}}, {"model": "accounts.gradyear", "pk": 3, "fields": {"year": "1962"}}, {"model": "accounts.gradyear", "pk": 4, "fields": {"year": "1963"}}, {"model": "accounts.gradyear", "pk": 5, "fields": {"year": "1964"}}, {"model": "accounts.gradyear", "pk": 6, "fields": {"year": "1965"}}, {"model": "accounts.gradyear", "pk": 7, "fields": {"year": "1966"}}, {"model": "accounts.gradyear", "pk": 8, "fields": {"year": "1967"}}, {"model": "accounts.gradyear", "pk": 9, "fields": {"year": "1968"}}, {"model": "accounts.gradyear", "pk": 10, "fields": {"year": "1969"}}, {"model": "accounts.gradyear", "pk": 11, "fields": {"year": "1970"}}, {"model": "accounts.gradyear", "pk": 12, "fields": {"year": "1971"}}, {"model": "accounts.gradyear", "pk": 13, "fields": {"year": "1972"}}, {"model": "accounts.gradyear", "pk": 14, "fields": {"year": "1973"}}, {"model": "accounts.gradyear", "pk": 15, "fields": {"year": "1974"}}, {"model": "accounts.gradyear", "pk": 16, "fields": {"year": "1975"}}, {"model": "accounts.gradyear", "pk": 17, "fields": {"year": "1976"}}, {"model": "accounts.gradyear", "pk": 18, "fields": {"year": "1977"}}, {"model": "accounts.gradyear", "pk": 19, "fields": {"year": "1978"}}, {"model": "accounts.gradyear", "pk": 20, "fields": {"year": "1979"}}, {"model": "accounts.gradyear", "pk": 21, "fields": {"year": "1980"}}, {"model": "accounts.gradyear", "pk": 22, "fields": {"year": "1981"}}, {"model": "accounts.gradyear", "pk": 23, "fields": {"year": "1982"}}, {"model": "accounts.gradyear", "pk": 24, "fields": {"year": "1983"}}, {"model": "accounts.gradyear", "pk": 25, "fields": {"year": "1984"}}, {"model": "accounts.gradyear", "pk": 26, "fields": {"year": "1985"}}, {"model": "accounts.gradyear", "pk": 27, "fields": {"year": "1986"}}, {"model": "accounts.gradyear", "pk": 28, "fields": {"year": "1987"}}, {"model": "accounts.gradyear", "pk": 29, "fields": {"year": "1988"}}, {"model": "accounts.gradyear", "pk": 30, "fields": {"year": "1989"}}, {"model": "accounts.gradyear", "pk": 31, "fields": {"year": "1990"}}, {"model": "accounts.gradyear", "pk": 32, "fields": {"year": "1991"}}, {"model": "accounts.gradyear", "pk": 33, "fields": {"year": "1992"}}, {"model": "accounts.gradyear", "pk": 34, "fields": {"year": "1993"}}, {"model": "accounts.gradyear", "pk": 35, "fields": {"year": "1994"}}, {"model": "accounts.gradyear", "pk": 36, "fields": {"year": "1995"}}, {"model": "accounts.gradyear", "pk": 37, "fields": {"year": "1996"}}, {"model": "accounts.gradyear", "pk": 38, "fields": {"year": "1997"}}, {"model": "accounts.gradyear", "pk": 39, "fields": {"year": "1998"}}, {"model": "accounts.gradyear", "pk": 40, "fields": {"year": "1999"}}, {"model": "accounts.gradyear", "pk": 41, "fields": {"year": "2000"}}, {"model": "accounts.gradyear", "pk": 42, "fields": {"year": "2001"}}, {"model": "accounts.gradyear", "pk": 43, "fields": {"year": "2002"}}, {"model": "accounts.gradyear", "pk": 44, "fields": {"year": "2003"}}, {"model": "accounts.gradyear", "pk": 45, "fields": {"year": "2004"}}, {"model": "accounts.gradyear", "pk": 46, "fields": {"year": "2005"}}, {"model": "accounts.gradyear", "pk": 47, "fields": {"year": "2006"}}, {"model": "accounts.gradyear", "pk": 48, "fields": {"year": "2007"}}, {"model": "accounts.gradyear", "pk": 49, "fields": {"year": "2008"}}, {"model": "accounts.gradyear", "pk": 50, "fields": {"year": "2009"}}, {"model": "accounts.gradyear", "pk": 51, "fields": {"year": "2010"}}, {"model": "accounts.gradyear", "pk": 52, "fields": {"year": "2011"}}, {"model": "accounts.gradyear", "pk": 53, "fields": {"year": "2012"}}, {"model": "accounts.gradyear", "pk": 54, "fields": {"year": "2013"}}, {"model": "accounts.gradyear", "pk": 55, "fields": {"year": "2014"}}, {"model": "accounts.gradyear", "pk": 56, "fields": {"year": "2015"}}, {"model": "accounts.gradyear", "pk": 57, "fields": {"year": "2016"}}, {"model": "accounts.gradyear", "pk": 58, "fields": {"year": "2017"}}, {"model": "accounts.gradyear", "pk": 59, "fields": {"year": "2018"}}, {"model": "accounts.gradyear", "pk": 60, "fields": {"year": "2019"}}, {"model": "accounts.gradyear", "pk": 61, "fields": {"year": "2020"}}, {"model": "accounts.gradyear", "pk": 62, "fields": {"year": "2021"}}, {"model": "accounts.gradyear", "pk": 63, "fields": {"year": "2022"}}, {"model": "accounts.gradyear", "pk": 64, "fields": {"year": "2023"}}, {"model": "accounts.gradyear", "pk": 65, "fields": {"year": "2024"}}, {"model": "accounts.gradyear", "pk": 66, "fields": {"year": "2025"}}, {"model": "accounts.gradyear", "pk": 67, "fields": {"year": "2026"}}, {"model": "accounts.gradyear", "pk": 68, "fields": {"year": "2027"}}, {"model": "accounts.gradyear", "pk": 69, "fields": {"year": "2028"}}, {"model": "accounts.user", "pk": 31, "fields": {"password": "pbkdf2_sha256$720000$5YW2cbpijA7wypwsvFP1OO$zn8hJuy1dWyqGK2BfbM4n5Rn15lEl69OTOeFzlOlN6s=", "last_login": "2025-04-27T09:44:52.382Z", "is_superuser": true, "username": "pharraoh", "first_name": "Adebowale", "last_name": "Adegoke", "is_staff": true, "is_active": true, "date_joined": "2025-04-19T10:41:57Z", "email": "josephjay742@gmail.com", "gender": "male", "looking_for": "female", "birthday": "2008-04-06", "state": 32, "lga": 665, "college": 185, "grad_year": 66, "marital_status": "single", "bio": "", "middle_name": "Pharraoh", "last_seen": "2025-04-28T08:35:49.608Z", "profile_image": "profile/_J5A2047.jpg", "image1": "profile/0J5A2974.jpg", "image2": "profile/IMG_2122_IJOBl2r.JPG", "image3": "avatar.jpg", "image4": "avatar.jpg", "image5": "avatar.jpg", "groups": [], "user_permissions": []}}, {"model": "accounts.user", "pk": 33, "fields": {"password": "pbkdf2_sha256$720000$z01mnIiaxcNsFHyJ9LfCqr$wCk+QBewIwP0gWtkUybZlKvmUXqsV/TYsmSYNj7hmaI=", "last_login": "2025-04-30T14:53:36.058Z", "is_superuser": false, "username": "wert", "first_name": "dexx", "last_name": "dexx", "is_staff": false, "is_active": true, "date_joined": "2025-04-19T10:55:34.977Z", "email": "werrtt@gmail.com", "gender": "female", "looking_for": "male", "birthday": "1990-07-18", "state": 32, "lga": 669, "college": 204, "grad_year": 53, "marital_status": "divorced", "bio": "Testing.....", "middle_name": "lyfe", "last_seen": "2025-04-30T15:03:13.474Z", "profile_image": "profile/team3_yF53N1J.jpg", "image1": "avatar.jpg", "image2": "avatar.jpg", "image3": "avatar.jpg", "image4": "avatar.jpg", "image5": "avatar.jpg", "groups": [], "user_permissions": []}}, {"model": "accounts.user", "pk": 34, "fields": {"password": "pbkdf2_sha256$720000$ZO3PySVY5pKWwDNHrjqaUs$tic17XAxuFeV5sdT6CKfvRTPCEymldYSVMFySpnJYSU=", "last_login": "2025-04-30T14:38:03.825Z", "is_superuser": false, "username": "fold", "first_name": "Debowale", "last_name": "Adegoke", "is_staff": false, "is_active": true, "date_joined": "2025-04-30T13:08:11.492Z", "email": "fold@gmail.com", "gender": "male", "looking_for": "female", "birthday": "2025-04-10", "state": 13, "lga": 266, "college": 159, "grad_year": 17, "marital_status": "single", "bio": "backroomms", "middle_name": "fold", "last_seen": "2025-04-30T14:46:15.895Z", "profile_image": "profile/Screenshot_2024-10-07_143300.png", "image1": "avatar.jpg", "image2": "avatar.jpg", "image3": "avatar.jpg", "image4": "avatar.jpg", "image5": "avatar.jpg", "groups": [], "user_permissions": []}}, {"model": "chat.chatroom", "pk": 19, "fields": {"user1": 31, "user2": 33, "created_at": "2025-04-19T10:58:23.298Z"}}, {"model": "chat.chatmessage", "pk": 170, "fields": {"room": 19, "sender": 31, "message": "heyy", "timestamp": "2025-04-19T10:58:23.315Z"}}, {"model": "chat.chatmessage", "pk": 171, "fields": {"room": 19, "sender": 33, "message": "hii", "timestamp": "2025-04-19T10:58:51.749Z"}}, {"model": "chat.chatmessage", "pk": 172, "fields": {"room": 19, "sender": 31, "message": "supp", "timestamp": "2025-04-21T07:26:52.916Z"}}, {"model": "chat.chatmessage", "pk": 173, "fields": {"room": 19, "sender": 31, "message": "supp", "timestamp": "2025-04-21T07:54:09.401Z"}}, {"model": "chat.chatmessage", "pk": 174, "fields": {"room": 19, "sender": 31, "message": "??", "timestamp": "2025-04-21T07:55:27.990Z"}}, {"model": "chat.chatmessage", "pk": 175, "fields": {"room": 19, "sender": 31, "message": "yo", "timestamp": "2025-04-27T14:55:29.332Z"}}, {"model": "chat.chatmessage", "pk": 176, "fields": {"room": 19, "sender": 31, "message": "how", "timestamp": "2025-04-27T14:59:07.639Z"}}, {"model": "chat.chatmessage", "pk": 177, "fields": {"room": 19, "sender": 33, "message": "xx", "timestamp": "2025-04-28T08:36:12.756Z"}}, {"model": "chat.status", "pk": 14, "fields": {"user": 31, "status_type": "image", "text": "", "media": "statuses/Screenshot_2024-08-24_140849.png", "created_at": "2025-04-19T11:00:04.241Z"}}, {"model": "chat.status", "pk": 15, "fields": {"user": 33, "status_type": "image", "text": "", "media": "statuses/Screenshot_2024-07-30_134737.png", "created_at": "2025-04-28T09:00:17.905Z"}}, {"model": "chat.status", "pk": 16, "fields": {"user": 33, "status_type": "image", "text": "", "media": "statuses/Screenshot_2024-07-30_134737_OYvCzcg.png", "created_at": "2025-04-28T09:01:22.681Z"}}, {"model": "chat.status", "pk": 17, "fields": {"user": 33, "status_type": "image", "text": "", "media": "statuses/Screenshot_2024-07-30_134737_1vUVQKM.png", "created_at": "2025-04-28T09:02:20.945Z"}}, {"model": "chat.status", "pk": 18, "fields": {"user": 33, "status_type": "image", "text": "", "media": "statuses/27.png", "created_at": "2025-04-30T07:25:52.557Z"}}, {"model": "members.like", "pk": 40, "fields": {"user_from": 31, "user_to": 33, "timestamp": "2025-04-19T10:57:47.299Z"}}, {"model": "members.like", "pk": 41, "fields": {"user_from": 33, "user_to": 31, "timestamp": "2025-04-19T10:58:01.348Z"}}, {"model": "django_celery_beat.intervalschedule", "pk": 1, "fields": {"every": 1, "period": "hours"}}, {"model": "django_celery_beat.periodictasks", "pk": 1, "fields": {"last_update": "2025-03-16T13:28:33.415Z"}}, {"model": "django_celery_beat.periodictask", "pk": 1, "fields": {"name": "Delete expired statuses", "task": "chat.tasks.delete_expired_statuses", "interval": 1, "crontab": null, "solar": null, "clocked": null, "args": "[]", "kwargs": "{}", "queue": null, "exchange": null, "routing_key": null, "headers": "{}", "priority": null, "expires": null, "expire_seconds": null, "one_off": false, "start_time": null, "enabled": true, "last_run_at": null, "total_run_count": 0, "date_changed": "2025-03-10T03:17:42.664Z", "description": ""}}]